REFERENCE,PLACENAME,DESIGNATION,STATUS,GAZETTE DATE,GEOGRAPHICAL NAME,PREVIOUS NAMES,GNB FILE,LGA,APPROX. AGD66 LAT,APPROX. AGD66 LONG,APPROX. GDA94 LAT,APPROX. GDA94 LONG,AGD66 TOPO MAP,1:100000 MAP NAME,1:100000 MAP NO,PARISH,COUNTY,DESCRIPTION,MEANING,ORIGIN,HISTORY
23755,Opal Cove Beach,BEACH,ASSIGNED,18th June 2004,"",Hills Beach,"",COFFS HARBOUR,-30  15  00, 153  08  00,-30  14  54, 153  08  04,COFFS HARBOUR,COFFS HARBOUR,9537,COFF,FITZROY,A coastal beach about 5.5 km North East of Town of Coffs Harbour.           ,   ,    ,  
35064,Mackarel Beach,BEACH,VARIANT,"",Great Mackerel Beach,"","","",-33  35  30, 151  18  00,-33  35  24, 151  18  04,"",SYDNEY,9130,"","",           ,   ,    ,  
35087,Mckenzies Beach,BEACH,ASSIGNED,10th December 1982,"","","",EUROBODALLA,-35  48  00, 150  13  00,-35  47  54, 150  13  04,MOGO,BATEMANS BAY,8926,BATEMAN,ST VINCENT,A beach about 2 km S of Malua Bay and about 5 km NE by E of Tomakin.           ,   ,    ,  
35160,MacMasters Beach,BEACH,ASSIGNED,29th August 1975,"",McMasters Beach,GNB589,GOSFORD,-33  29  00, 151  26  00,-33  28  54, 151  26  04,GOSFORD,GOSFORD,9131,KINCUMBER,NORTHUMBERLAND,The stretch of sand in Allagai Bay on the Tasman Sea between Tudibaring Head and Second Point. (spelling:  MacMasters Beach).         ,   ,Derives from the name of two families each named MacMaster. Allan MacMaster bought 600 acres in 1838. (C. Swancott 'The Brisbane Water Story')  ,  
35237,Mcbrides Beach,BEACH,ASSIGNED,9th July 1982,"",Lobster Pot Beach,"",GREAT LAKES,-32  12  00, 152  33  00,-32  11  54, 152  33  04,FORSTER,FORSTER,9433,FORSTER,GLOUCESTER,A beach which lies W of Latitude Rock and about 2 km ESE of Burgess Beach.          ,   ,    ,  
35477,Mckittricks Beach,BEACH,VARIANT,"",Convent Beach,"","","",-29  26  30, 153  22  00,-29  26  24, 153  22  04,"",WOODBURN,9539,"","",           ,   ,    ,  
35490,Mcleans Beach,BEACH,ASSIGNED,13th January 1978,"","","",DENILIQUIN,-35  31  00, 144  57  00,-35  30  54, 144  57  04,DENILIQUIN,MATHOURA,7826,SOUTH DENILIQUIN,TOWNSEND,A beach on the southern bank of Edward River. It is about 2 km N by E of Deniliquin Railway Station.          ,   ,    ,  
35529,Mcmasters Beach,BEACH,VARIANT,"",Macmasters Beach,"","","",-33  29  00, 151  26  00,-33  28  54, 151  26  04,"",GOSFORD,9131,"","",           ,   ,    ,  
35821,Malabar Beach,BEACH,ASSIGNED,10th June 1977,"","","",RANDWICK,-33  58  00, 151  15  00,-33  57  54, 151  15  04,BOTANY BAY,SYDNEY,9130,BOTANY,CUMBERLAND,A beach at Long Bay about 1 km W by N of Boona Point and about 2 km N of Little Bay.          ,   ,    ,  
36089,Manly Beach,BEACH,ASSIGNED,16th July 1976,"",Cabbage Tree Beach; South Steyne Beach (Nr),"",MANLY,-33  48  00, 151  17  00,-33  47  54, 151  17  04,SYDNEY HEADS,SYDNEY,9130,MANLY COVE,CUMBERLAND,A beach S of North Steyne Beach about 2km NE of Dobroyd Head and being the southern end of Cabbage Tree Beach.          ,   ,    ,  
36203,Manyana Beach,BEACH,ASSIGNED,12th July 1974,"","",GNB916,SHOALHAVEN,-35  16  00, 150  31  00,-35  15  54, 150  31  04,CUNJURONG POINT,ULLADULLA,8927,CONJOLA,ST VINCENT,"A coastal Beach at Cunjurong, between Inyadda Point and Cunjurong Point, about 12 km NNE of Ulladulla.          ",   ,    ,  
36363,Markeys Beach,BEACH,ASSIGNED,27th April 1984,"","","",LEETON,-34  43  00, 146  27  00,-34  42  54, 146  27  04,GOGELDRIE WEIR,YANCO,8128,CUDGEL,COOPER,A beach on the Murrumbidgee River about 9 km S by W of Roach.           ,   ,    ,  
36385,Marley Beach,BEACH,ASSIGNED,4th May 1973,"","","",SUTHERLAND SHIRE,-34  07  00, 151  08  00,-34  06  54, 151  08  04,PORT HACKING,PORT HACKING,9129,WATTAMOLLA,CUMBERLAND,"A beach between Marley Head & Little Marley Beach, about 3.5 km S by W of Bundeena.          ",   ,    ,  
36438,Maroubra Beach,BEACH,ASSIGNED,10th June 1977,"","","",RANDWICK,-33  57  00, 151  15  00,-33  56  54, 151  15  04,BOTANY BAY,SYDNEY,9130,BOTANY,CUMBERLAND,A beach about 1 km long. It is about 1 km NW by N of Magic Point and about 1 km SW of Mistral Point.          ,   ,    ,  
37196,Merewether Beach,BEACH,ASSIGNED,7th October 1977,"","","",NEWCASTLE,-32  57  00, 151  45  30,-32  56  54, 151  45  34,NEWCASTLE,NEWCASTLE,9232,NEWCASTLE,NORTHUMBERLAND,A beach about 0.5 km long. It extends from Dixon Park Beach to Jefferson Park.          ,   ,    ,  
37213,Merimbula Beach,BEACH,ASSIGNED,22nd February 1974,"","","",BEGA VALLEY,-36  55  00, 149  55  00,-36  54  54, 149  55  04,PAMBULA,BEGA,8824,PAMBULA,AUCKLAND,"A coastal beach starting from Lake Beach, and extending about 7 km SW by S, S by E ending at Pambula Beach.          ",   ,    ,  
37233,Meringo Beach,BEACH,ASSIGNED,7th July 1972,"","","",EUROBODALLA,-36  00  40, 150  09  30,-36  00  34, 150  09  34,BODALLA,NAROOMA,8925,CONGO,DAMPIER,A coastal beach running for 1 km N from Bingie Bingie Point about 6km NNE of Tuross Head township.          ,   ,    ,  
37390,Merry Beach,BEACH,ASSIGNED,22nd December 1967,"","","",SHOALHAVEN,-35  34  00, 150  22  00,-35  33  54, 150  22  04,KIOLOA,BATEMANS BAY,8926,KIOLOA,ST VINCENT,A beach about 0.5 km long situated on the south coast of N.S.W. between Snapper Point and O'Hara Head and about 2.5 km south of Kioloa.         ,   ,    ,  
37556,Middle Beach,BEACH,ASSIGNED,18th April 1980,"","","",LORD HOWE,-31  31  00, 159  04  00,-31  30  54, 159  04  04,LORD HOWE ISLAND,LORD HOWE ISLAND,,LORD HOWE ISLAND,LORD HOWE ISLAND,A beach on the eastern side of Lord Howe Island between Jims Point and Clear Place Point.          ,   ,    ,  
37557,Middle Beach,BEACH,ASSIGNED,22nd February 1974,"","","",BEGA VALLEY,-36  38  56, 150  00  34,-36  38  50, 150  00  38,BEGA,BEGA,8824,TANJA,DAMPIER,A coastal beach about 4 km N by E of Baronda Head.           ,   ,    ,  
37558,Middle Beach,BEACH,ASSIGNED,29th October 1971,"","","",KEMPSEY,-30  46  17, 152  59  47,-30  46  11, 152  59  51,EUNGAI,MACKSVILLE,9436,YARRAHAPINNI,DUDLEY,Coastal beach between Middle Head and Scotts Head.           ,   ,    ,  
37584,Middle Camp Beach,BEACH,ASSIGNED,31st August 1973,"","","",LAKE MACQUARIE,-33  09  00, 151  38  00,-33  08  54, 151  38  04,CATHERINE HILL BAY,LAKE MACQUARIE,9231,WALLARAH,NORTHUMBERLAND,A beach about 2km long. It starts at the Gorge extending S to The Gulf and is about 3km E by S of Browns Point.          ,   ,    ,  
37788,The Middy,BEACH,ASSIGNED,19th December 1986,"","","",SHELLHARBOUR,-34  36  00, 150  53  00,-34  35  54, 150  53  04,ALBION PARK,KIAMA,9028,TERRAGONG,CAMDEN,A small beach located about 1 km west of Bass Point and about 3 km SE of Shellharbour.          ,   ,    ,  
37897,Milk Beach,BEACH,ASSIGNED,16th July 1976,"","","",WOOLLAHRA,-33  51  30, 151  16  00,-33  51  24, 151  16  04,SYDNEY HEADS,SYDNEY,9130,ALEXANDRIA,CUMBERLAND,A beach on Sydney Harbour about 2 km S by E of Georges Head.           ,   ,    ,  
37923,Mill Beach,BEACH,ASSIGNED,9th July 1982,"","","",EUROBODALLA,-35  40  00, 150  18  00,-35  39  54, 150  18  04,DURRAS,BATEMANS BAY,8926,BENANDARAH,ST VINCENT,A beach which lies between Cookies Beach and Mill Point about 1 km E by S of Durras and 1 km W of Wasp Island.          ,   ,    ,  
37924,Mill Beach,BEACH,ASSIGNED,29th September 1972,"","","",BEGA VALLEY,-36  30  00, 150  03  00,-36  29  54, 150  03  04,BERMAGUI,NAROOMA,8925,MURRAH,DAMPIER,A coastal beach between Mill Point and Barragga Point about 8 km SSW of Bermagui South.          ,   ,    ,  
38186,Miners Beach,BEACH,ASSIGNED,29th June 1973,"","","",HASTINGS,-31  28  00, 152  56  00,-31  27  54, 152  56  04,PORT MACQUARIE,KEMPSEY,9435,MACQUARIE,MACQUARIE,A beach on the north coast between Shelly Beach and Tacking Point. It is about 4 km SE by S of the town of Port Macquarie and within the Sea Acres Nature Reserve.         ,   ,    ,  
38233,Minnamurra Beach,BEACH,ASSIGNED,7th September 1973,"","","",SHELLHARBOUR,-34  37  00, 150  51  30,-34  36  54, 150  51  34,ALBION PARK,KIAMA,9028,TERRAGONG,CAMDEN,A beach about 2 km long.  It is about 2 km SE by S of Dunmore and E of Minnamurra.          ,   ,    ,  
38626,Mollymook Beach,BEACH,ASSIGNED,22nd December 1967,"","","",SHOALHAVEN,-35  20  00, 150  29  00,-35  19  54, 150  29  04,MILTON,ULLADULLA,8927,ULLADULLA,ST VINCENT,A beach about 2 km long on the N.S.W. coast about 2.5 km north of Ulladulla Harbour.          ,   ,    ,  
38702,Mona Vale Beach,BEACH,ASSIGNED,11th March 1977,"",; Bongin Bongin Beach (Nr),"",PITTWATER,-33  41  00, 151  18  00,-33  40  54, 151  18  04,MONA VALE,SYDNEY,9130,NARRABEEN,CUMBERLAND,"A coastal beach east of Mona Vale, about 2 km S by E of Bushrangers Hill.          ",   ,    ,  
38833,Monument Beach,BEACH,ASSIGNED,17th November 1972,"","","",SHOALHAVEN,-35  14  00, 150  32  00,-35  13  54, 150  32  04,SUSSEX INLET,JERVIS BAY,9027,CUDMIRRAH,ST VINCENT,A coastal beach about 3 km S by W of Berrara.           ,   ,    ,  
38851,Mooball Beach,BEACH,ASSIGNED,2nd July 1971,"","","",TWEED,-28  26  00, 153  33  00,-28  25  54, 153  33  04,POTTSVILLE,TWEED HEADS,9641,MOOBALL,ROUS,A coastal beach east of Mooball Creek  between Pottsville Beach in the north and Wooyung Beach in the south.          ,   ,    ,  
39005,Moonee Beach,BEACH,ASSIGNED,31st August 1973,"",Moon Island Beach,"",LAKE MACQUARIE,-33  10  10, 151  37  50,-33  10  04, 151  37  54,CATHERINE HILL BAY,LAKE MACQUARIE,9231,WALLARAH,NORTHUMBERLAND,A coastal beach about 6 km ENE of the village Lake Munmorah.           ,   ,    ,  
39008,Moonee Beach,BEACH,ASSIGNED,17th November 1972,"","","",COFFS HARBOUR,-30  11  37, 153  10  11,-30  11  31, 153  10  15,MOONEE BEACH,COFFS HARBOUR,9537,MOONEE,FITZROY,A coastal beach extending about 4.5 km. North East of the locality of the same name.          ,   ,"See Moonee Beach, designation locality.    ",  
39041,Moon Island Beach,BEACH,VARIANT,"",Moonee Beach,"","","",-33  10  10, 151  37  50,-33  10  04, 151  37  54,"",LAKE MACQUARIE,9231,"","",           ,   ,    ,  
39133,Moores Beach,BEACH,ASSIGNED,8th March 1985,"",Bouchiers or Irvines Beach,"",BERRIGAN,-35  49  00, 145  32  00,-35  48  54, 145  32  04,TOCUMWAL,BERRIGAN,8026,TOCUMWAL,DENISON,A beach on the south side of the Murray River about 2 km south of Tocumwal.          ,   ,    ,  
39134,Moores Beach,BEACH,VARIANT,"",Clems Beach,"","","",-35  49  00, 145  33  00,-35  48  54, 145  33  04,"",BERRIGAN,8026,"","",           ,   ,    ,  
40191,Mulberry Beach,BEACH,ASSIGNED,8th March 1985,"","","",BERRIGAN,-35  49  00, 145  33  00,-35  48  54, 145  33  04,TOCUMWAL,BERRIGAN,8026,TOCUMWAL,DENISON,A beach on the south side of the Murray River at Tocumwal about 300 metres east of the railway bridge.          ,   ,    ,  
40289,Mullaway Beach,BEACH,ASSIGNED,17th November 1972,"","","",COFFS HARBOUR,-30  04  00, 153  12  00,-30  03  54, 153  12  04,WOOLGOOLGA,COFFS HARBOUR,9537,WOOLGOOLGA,FITZROY,A coastal beach about 4.5 km N of the Town of Woolgoolga.           ,   ,    ,  
40599,Mungo Beach,BEACH,ASSIGNED,12th November 1976,"","","",GREAT LAKES,-32  32  00, 152  19  00,-32  31  54, 152  19  04,BOMBAH POINT,PORT STEPHENS,9332,EURUNDEREE,GLOUCESTER,A beach extending to the north and south of Mungo Brush.           ,   ,    ,  
40777,Murrah Beach,BEACH,ASSIGNED,22nd February 1974,"","","",BEGA VALLEY,-36  32  00, 150  04  00,-36  31  54, 150  04  04,MURRAH,GOALEN POINT,8924,MURRAH,DAMPIER,A coastal beach extending from Murrah Head for about 2.5 km finishing at Bunga Beach.          ,   ,    ,  
40789,Murramarang Beach,BEACH,ASSIGNED,22nd December 1967,"","","",SHOALHAVEN,-35  31  00, 150  24  00,-35  30  54, 150  24  04,KIOLOA,BATEMANS BAY,8926,TERMEIL,ST VINCENT,A beach about 1.25 km long situated on the south coast of N.S.W and running generally north north west from Murramarang Point.          ,   ,    ,  
41177,Myrtle Beach,BEACH,ASSIGNED,22nd December 1967,"","","",EUROBODALLA,-35  41  00, 150  18  00,-35  40  54, 150  18  04,DURRAS,BATEMANS BAY,8926,BENANDARAH,ST VINCENT,"Beach approximately 0.5 km long and on the Tasman Sea about 2.5 km south, from Durras.          ",   ,    ,  
41252,Nadgee Beach,BEACH,ASSIGNED,5th March 1976,"","","",BEGA VALLEY,-37  26  00, 149  58  00,-37  25  54, 149  58  04,NADGEE,EDEN,8823,HOWE,AUCKLAND,A beach in Nadgee Nature Reserve on the South Coast about 3 km NNE of Nadgee Lake.          ,   ,    ,  
41490,Narooma Beach,BEACH,ASSIGNED,7th July 1972,"",Surf Beach,"",EUROBODALLA,-36  14  00, 150  08  00,-36  13  54, 150  08  04,NAROOMA,NAROOMA,8925,NAROOMA,DAMPIER,A coastal beach at Narooma extending south to Glasshouse Rocks.           ,   ,    ,  
41504,Narrabeen Beach,BEACH,ASSIGNED,11th March 1977,"",Long Reef or Narrabeen Beach,"",WARRINGAH,-33  43  00, 151  18  00,-33  42  54, 151  18  04,MONA VALE,SYDNEY,9130,MANLY COVE,CUMBERLAND,A coastal beach about 2 km long on the eastern side of Narrabeen Peninsula south of the entrance to Narrabeen Lakes.          ,   ,    ,  
41846,Neds Beach,BEACH,ASSIGNED,18th April 1980,"","","",LORD HOWE,-31  31  00, 159  04  00,-31  30  54, 159  04  04,LORD HOWE ISLAND,LORD HOWE ISLAND,,LORD HOWE ISLAND,LORD HOWE ISLAND,A beach in the head of the bay between Malabar Hill and Hells Gates about 800 m NW by W of Jims Point.          ,   ,Named after Ned Nesbit.    ,  
41946,Nelson Beach,BEACH,ASSIGNED,22nd February 1974,"","","",BEGA VALLEY,-36  41  00, 149  59  00,-36  40  54, 149  59  04,BEGA,BEGA,8824,TANJA,DAMPIER,A coastal beach about 1.5 km NE of Mogareka Inlet.           ,   ,    ,  
41957,Nelsons Beach,BEACH,ASSIGNED,17th November 1972,"","","",SHOALHAVEN,-35  05  00, 150  42  00,-35  04  54, 150  42  04,HUSKISSON,JERVIS BAY,9027,BHERWERRE,ST VINCENT,A beach between Plantation Point and Blenheim Beach about 4.5 km SSE of Town of Huskisson.          ,   ,    ,  
42011,Neranie Sands,BEACH,ASSIGNED,14th January 1977,"","","",GREAT LAKES,-32  25  00, 152  27  00,-32  24  54, 152  27  04,MYALL LAKE,BULAHDELAH,9333,FORSTER,GLOUCESTER,A beach extending for about 1km. It is about 1km W of Bridge Hill and about 4km E by S of Corrigans Island.          ,   ,    ,  
42118,Nevins Beach,BEACH,ASSIGNED,8th March 1985,"",Nevin Beach East,"",BERRIGAN,-35  57  00, 145  53  00,-35  56  54, 145  53  04,TOCUMWAL,BERRIGAN,8026,BOOMANOOMANA,DENISON,"A beach on the south side of the Murray River, about 19 km E by S of Barooga and about 5.5 km S by E of Gwynne Hill.          ",   ,    ,  
42119,Nevin Beach East,BEACH,VARIANT,"",Nevins Beach,"","","",-35  57  00, 145  53  00,-35  56  54, 145  53  04,"",BERRIGAN,8026,"","",           ,   ,    ,  
42143,Newcastle Beach,BEACH,ASSIGNED,7th October 1977,"","","",NEWCASTLE,-32  56  00, 151  47  00,-32  55  54, 151  47  04,NEWCASTLE,NEWCASTLE,9232,NEWCASTLE,NORTHUMBERLAND,A beach about 1 km long. It is about 0.5 km SW of Flagstaff Hill and about 1 km NE by E of Shepherds Hill.          ,   ,    ,  
42256,Newport Beach,BEACH,ASSIGNED,21st January 1977,"","","",PITTWATER,-33  39  00, 151  19  00,-33  38  54, 151  19  04,MONA VALE,SYDNEY,9130,NARRABEEN,CUMBERLAND,A coastal beach about 1 km SE by S of Bilgola Plateau and about 1 km NW of Little Reef.          ,   ,    ,  
42304,Newtons Beach,BEACH,ASSIGNED,20th June 1975,"","","",BEGA VALLEY,-37  22  00, 149  57  00,-37  21  54, 149  57  04,NARRABARBA,EDEN,8823,HOWE,AUCKLAND,A beach about 2km SE by S of Tumbledown Mountain and about 9km S by E of Greenglade.          ,   ,    ,  
42464,Nine Mile Beach,BEACH,ASSIGNED,25th July 1975,"",Tuncurry Beach,"",GREATER TAREE,-32  07  00, 152  30  00,-32  06  54, 152  30  04,HALLIDAYS POINT,FORSTER,9433,TUNCURRY,GLOUCESTER,A beach about 11 km long. It extends from Diamond Reef down to Cape Hawke Harbour and is about 3 km SSE of Frogalla Swamp.          ,   ,    ,  
42465,Nine Mile Beach,BEACH,ASSIGNED,11th May 1973,"","","",LAKE MACQUARIE,-33  02  40, 151  40  40,-33  02  34, 151  40  44,SWANSEA,LAKE MACQUARIE,9231,KAHIBAH,NORTHUMBERLAND,"A beach about 8 km long, between Blacksmiths Beach and Freshwater Creek about 3 km E of Belmont.          ",   ,    ,  
42556,Nobbys Beach,BEACH,ASSIGNED,6th April 1973,"","","",HASTINGS,-31  27  00, 152  56  00,-31  26  54, 152  56  04,PORT MACQUARIE,KEMPSEY,9435,MACQUARIE,MACQUARIE,"A beach on the North Coast between Nobby Head and Flynns Beach, ESE of the town of Port Macquarie.          ",   ,    ,  
42557,Nobbys Beach,BEACH,ASSIGNED,23rd December 1977,"","","",NEWCASTLE,-32  55  30, 151  47  30,-32  55  24, 151  47  34,NEWCASTLE,NEWCASTLE,9232,NEWCASTLE,NORTHUMBERLAND,A beach about 1 km long. It extends generally SW about 0.5 km WSW of Big Ben Rock to Flagstaff Hill.          ,   ,    ,  
42697,North Beach,BEACH,ASSIGNED,18th April 1980,"","","",LORD HOWE,-31  31  00, 159  02  00,-31  30  54, 159  02  04,LORD HOWE ISLAND,LORD HOWE ISLAND,,LORD HOWE ISLAND,LORD HOWE ISLAND,A beach on North Bay about 500 m SSE of Mount Eliza.           ,   ,    ,  
42698,North Beach,BEACH,ASSIGNED,14th May 1976,"",Port Kembla Beach,"",WOLLONGONG,-34  29  00, 150  54  30,-34  28  54, 150  54  34,WOLLONGONG,WOLLONGONG,9029,WOLLONGONG,CAMDEN,A beach about 2.5 km SE of Tom Thumb Trig Station and about 1.5 km NNW of Red Point.          ,   ,    ,  
42717,North Beach,BEACH,ASSIGNED,22nd December 1967,"","","",SHOALHAVEN,-35  30  00, 150  23  00,-35  29  54, 150  23  04,KIOLOA,BATEMANS BAY,8926,TERMEIL,ST VINCENT,Situated on the south coast of N.S.W between Willinga Point and Nuggan Point. It is about 5 km generally east south east of Termeil and north of the village of Bawley Point at the eastern extremity of Willinga Lake.        ,   ,    ,  
42718,North Beach,BEACH,VARIANT,"",Grants Beach,"","","",-31  36  00, 152  50  00,-31  35  54, 152  50  04,"",CAMDEN HAVEN,9434,"","",           ,   ,    ,  
42719,North Beach,BEACH,ASSIGNED,19th December 1969,"","","",BELLINGEN,-30  28  00, 153  03  00,-30  27  54, 153  03  04,RALEIGH,COFFS HARBOUR,9537,NORTH BELLINGEN,RALEIGH,Beach at Mylestom on the north coast extending from the mouth of the Bellinger River north for about 7 km to Tuckers Rocks.          ,   ,    ,  
42720,North Beach,BEACH,VARIANT,"",Providence Beach,"","","",-32  37  00, 152  19  00,-32  36  54, 152  19  04,"",PORT STEPHENS,9332,"","",           ,   ,    ,  
42721,North Beach,BEACH,VARIANT,"",Fishermans Beach,"","",WOLLONGONG,-34  29  00, 150  54  30,-34  28  54, 150  54  34,"",WOLLONGONG,9029,"","",           ,   ,    ,  
42804,North Curl Curl Beach,BEACH,ASSIGNED,3rd September 1976,"","","",WARRINGAH,-33  46  00, 151  18  00,-33  45  54, 151  18  04,SYDNEY HEADS,SYDNEY,9130,MANLY COVE,CUMBERLAND,A coastal beach about 1 km S of North Curl Curl and north of Greendale Creek.          ,   ,    ,  
42813,North Entrance Beach,BEACH,ASSIGNED,13th March 2015,Tuggerah Beach,"",GNB5704,"",-33  20  08, 151  30  27,-33  20  02, 151  30  31,"",LAKE MACQUARIE,9231,"","","A beach extendng from the southern end of Magenta Beach, south to the inlet of Tuggerah Lake.          ",   ,    ,  
42853,North Head Beach,BEACH,ASSIGNED,22nd December 1967,"","","",EUROBODALLA,-35  43  00, 150  16  00,-35  42  54, 150  16  04,DURRAS,BATEMANS BAY,8926,BENANDARAH,ST VINCENT,"A beach approximately 0.5 km long, situated between North Head on the east and Three Islet Reef on the west.          ",   ,    ,  
42895,North Palm Beach,BEACH,DISCONTINUED,"","","","","",-33  35  30, 151  19  30,-33  35  24, 151  19  34,"",SYDNEY,9130,"","",           ,   ,    ,  
42926,North Shore Beach,BEACH,ASSIGNED,11th October 1974,"","","",HASTINGS,-31  22  00, 152  56  00,-31  21  54, 152  56  04,PORT MACQUARIE,KEMPSEY,9435,TORRENS,MACQUARIE,"A beach that extends from Pelican Point to Point Plomer, about 12 km long.          ",   ,    ,  
42928,North Smoky Beach,BEACH,ASSIGNED,29th October 1971,"","","",KEMPSEY,-30  55  00, 153  05  00,-30  54  54, 153  05  04,SOUTH WEST ROCKS,NAMBUCCA,9536,ARAKOON,MACQUARIE,A beach on the E coast Extending about 1/2 km between Green Island and Smoky Cape.          ,   ,    ,  
42938,North Steyne Beach,BEACH,ASSIGNED,16th July 1976,"","","",MANLY,-33  47  30, 151  17  00,-33  47  24, 151  17  04,SYDNEY HEADS,SYDNEY,9130,MANLY COVE,CUMBERLAND,A beach between Manly Beach and Queenscliff Beach and about 1km N by E of Manly Wharf.          ,   ,    ,  
43171,No. 1 Beach,BEACH,VARIANT,"",Cormorant Beach,"","","",-34  31  00, 150  24  00,-34  30  54, 150  24  04,"",BATEMANS BAY,8926,"","",           ,   ,    ,  
43172,Number One Beach,BEACH,ASSIGNED,12th September 1975,"","","",GREAT LAKES,-32  25  00, 152  31  00,-32  24  54, 152  31  04,SEAL ROCKS,FORSTER,9433,FORSTER,GLOUCESTER,"A beach about 1.5 km NW of Seal Rocks. It is about 1 km long, and is about 3 km N of Treachery Head.          ",   ,    ,  
43372,Oakey Beach,BEACH,VARIANT,"",Oaky Beach,"","","",-35  42  15, 150  17  00,-35  42  09, 150  17  04,"",BATEMANS BAY,8926,"","",           ,   ,    ,  
43531,Oaky Beach,BEACH,ASSIGNED,4th February 1968,"",Oakey Beach,"",EUROBODALLA,-35  42  15, 150  17  00,-35  42  09, 150  17  04,DURRAS,BATEMANS BAY,8926,BENANDARAH,ST VINCENT,"Beach approximately 0.5 km long, and about 4.5 km generally south of Durras, on the Tasman Sea.          ",   ,    ,  
43829,Ocean Beach,BEACH,ASSIGNED,22nd February 1974,"","","",GOSFORD,-33  31  37, 151  19  06,-33  31  31, 151  19  10,BROKEN BAY,SYDNEY,9130,PATONGA,NORTHUMBERLAND,A beach at Umina on Broken Bay.           ,   ,    ,  
43836,Ocean View Beach,BEACH,ASSIGNED,23rd April 1982,"","","",COFFS HARBOUR,-30  03  00, 153  12  00,-30  02  54, 153  12  04,WOOLGOOLGA,COFFS HARBOUR,9537,WOOLGOOLGA,FITZROY,A beach which lies S of Arrawarra and 1500 metres N by E of Mullaway.           ,   ,    ,  
44029,Old Settlement Beach,BEACH,ASSIGNED,18th April 1980,"",Thompsons Beach,"",LORD HOWE,-31  31  00, 159  03  00,-31  30  54, 159  03  04,LORD HOWE ISLAND,LORD HOWE ISLAND,,LORD HOWE ISLAND,LORD HOWE ISLAND,A beach on Hunter Bay about 800 m NNW of Signal Point.           ,   ,    ,  
44137,One Horse Sands,BEACH,ASSIGNED,14th January 1977,"","","",GREAT LAKES,-32  26  00, 152  26  00,-32  25  54, 152  26  04,MYALL LAKE,BULAHDELAH,9333,FORSTER,GLOUCESTER,A beach extending for about 1 km and is about 2 km E of Kataway Hill.           ,   ,    ,  
44145,One Mile Beach,BEACH,ASSIGNED,12th September 1975,"","","",GREAT LAKES,-32  11  00, 152  32  00,-32  10  54, 152  32  04,FORSTER,FORSTER,9433,FORSTER,GLOUCESTER,"A beach S of Bennetts Head about 1 km long, and about 3 km NE by N of Forster Keys.          ",   ,    ,  
44146,One Mile Beach,BEACH,ASSIGNED,17th September 1976,"","","",PORT STEPHENS,-32  47  00, 152  07  00,-32  46  54, 152  07  04,MORNA POINT,PORT STEPHENS,9332,TOMAREE,GLOUCESTER,A beach about 2 km long on the shore of Anna Bay.           ,   ,    ,  
44424,Oura Beach,BEACH,ASSIGNED,23rd October 1970,"","","",WAGGA WAGGA,-35  07  00, 147  32  00,-35  06  54, 147  32  04,COREINBOB,TARCUTTA,8427,OURA,CLARENDON,Beach on the Murrumbidgee River south of Oura.           ,   ,  Their may be a connection with a well known beach of this name in southern Portugal.   ,  
44536,Oxleys Beach,BEACH,ASSIGNED,6th April 1973,"","","",HASTINGS,-31  26  00, 152  55  00,-31  25  54, 152  55  04,PORT MACQUARIE,KEMPSEY,9435,MACQUARIE,MACQUARIE,A beach on the North Coast at Port Macquarie North of Rocky Beach and South of Green Mound.          ,   ,    ,  
44620,Paddys Beach,BEACH,ASSIGNED,8th March 1985,"","","",BERRIGAN,-35  55  00, 145  42  00,-35  54  54, 145  42  04,TOCUMWAL,BERRIGAN,8026,COTTADIDDA,DENISON,A beach on the south side of the Murray River about 5 km east of Cobram.          ,   ,    ,  
44794,Palm Beach,BEACH,ASSIGNED,21st January 1977,"","","",PITTWATER,-33  36  00, 151  19  30,-33  35  54, 151  19  34,BROKEN BAY,SYDNEY,9130,NARRABEEN,CUMBERLAND,A beach on the coast at the southern end of the east side of the isthmus.          ,   ,Got its name from the cabbage tree palms which grew there.    ,It was once called Cranky Alice Beach.  
44797,Palm Beach,BEACH,VARIANT,"",Sanctuary Beach,"","","",-35  07  00, 150  38  00,-35  06  54, 150  38  04,"",JERVIS BAY,9027,"","",           ,   ,    ,  
44863,Pambula Beach,BEACH,ASSIGNED,12th August 1977,"",Jiguma,GNB1086,BEGA VALLEY,-36  56  00, 149  54  00,-36  55  54, 149  54  04,PAMBULA,BEGA,8824,PAMBULA,AUCKLAND,A beach about 1 km E of Pambula Beach (Village) and about 4 km SE by E of Pambula.          ,   ,    ,  
44954,Paradise Beach,BEACH,ASSIGNED,17th November 1972,"","","",SHOALHAVEN,-35  07  00, 150  37  00,-35  06  54, 150  37  04,HUSKISSON,JERVIS BAY,9027,BHERWERRE,ST VINCENT,"A beach on the NE Shore of St. Georges Basin, adjacent to the Village of Sanctuary Point.          ",   ,    ,  
44955,Paradise Beach,BEACH,ASSIGNED,21st January 1977,"",Long Beach; Powells Beach Nr.,"",PITTWATER,-33  37  30, 151  19  00,-33  37  24, 151  19  04,BROKEN BAY,SYDNEY,9130,NARRABEEN,CUMBERLAND,A beach on Pittwater W of Careel Bay (suburb) and about 1 km S of Stokes Point.          ,   ,    ,Previously known as Long Beach from Stokes Point southward until broken down into separate beaches. 
45006,Park Beach,BEACH,ASSIGNED,17th May 1968,"","","",COFFS HARBOUR,-30  18  00, 153  07  00,-30  17  54, 153  07  04,COFFS HARBOUR,COFFS HARBOUR,9537,COFF,FITZROY,The ocean beach north of Coffs Harbour and south of Macauleys Headland.          ,   ,    ,  
45007,Park Beach,BEACH,ASSIGNED,6th October 1972,"","","",COFFS HARBOUR,-30  17  00, 153  08  00,-30  16  54, 153  08  04,COFFS HARBOUR,COFFS HARBOUR,9537,COFF,FITZROY,A coastal beach about 3 km East North East of Town of Coffs Harbour.           ,   ,    ,  
45066,Parkyns Beach,BEACH,ASSIGNED,20th February 1976,"","","",WOLLONGONG,-34  29  30, 150  55  30,-34  29  24, 150  55  34,WOLLONGONG,WOLLONGONG,9029,WOLLONGONG,CAMDEN,A beach on the West coast of Big Island about 1 km E of Illowra Trig Station and about 2.5km E by S of Port Kembla.          ,   ,    ,  
45200,Patches Beach,BEACH,ASSIGNED,2nd August 1974,"","","",BALLINA,-28  57  30, 153  30  10,-28  57  24, 153  30  14,EMPIRE VALE,BALLINA,9640,SOUTH BALLINA,RICHMOND,A coastal beach about 12 km SW of the mouth of the Richmond River.           ,   ,    ,  
45219,Patonga Beach,BEACH,ASSIGNED,21st January 1977,"","","",GOSFORD,-33  33  00, 151  16  30,-33  32  54, 151  16  34,BROKEN BAY,SYDNEY,9130,PATONGA,NORTHUMBERLAND,A beach on the shore of Brisk Bay about 1 km N of Pacific Head and about 4 km WSW of Mount Ettalong.          ,   ,    ,  
45403,Pearl Beach,BEACH,ASSIGNED,1st June 1973,"","","",LAKE MACQUARIE,-33  03  30, 151  34  45,-33  03  24, 151  34  49,SWANSEA,LAKE MACQUARIE,9231,AWABA,NORTHUMBERLAND,A beach on Lake Macquarie about 3 km WNW of Wongi Wongi Point.           ,   ,    ,  
45404,Pearl Beach,BEACH,ASSIGNED,22nd February 1974,"","","",GOSFORD,-33  32  40, 151  18  25,-33  32  34, 151  18  29,BROKEN BAY,SYDNEY,9130,PATONGA,NORTHUMBERLAND,A beach on the western shore of Broken Bay about 2 km NNW of Lion Island.          ,   ,    ,  
45431,Pebbly Beach,BEACH,ASSIGNED,8th March 1985,"","","",BERRIGAN,-35  49  00, 145  33  00,-35  48  54, 145  33  04,TOCUMWAL,BERRIGAN,8026,TOCUMWAL,DENISON,"A beach on the south side of the Murray River at Tocumwal, about 600 metres SE of the railway bridge.          ",   ,    ,  
45432,Pebbley Beach,BEACH,VARIANT,"",Pebbly Beach,"","","",-32  04  30, 152  32  00,-32  04  24, 152  32  04,"",FORSTER,9433,"","",           ,   ,    ,  
45433,Pebbley Beach,BEACH,VARIANT,"",Pebbly Beach,"","","",-32  11  00, 152  31  00,-32  10  54, 152  31  04,"",FORSTER,9433,"","",           ,   ,    ,  
45434,Pebbly Beach,BEACH,ASSIGNED,19th October 1973,"","","",CLARENCE VALLEY,-29  41  00, 153  20  00,-29  40  54, 153  20  04,SANDON,BARE POINT,9538,CANDOLE,CLARENCE,A coastal beach SSE of Sandon.           ,   ,    ,  
45435,Pebbly Beach,BEACH,ASSIGNED,22nd December 1967,"","","",SHOALHAVEN,-35  37  00, 150  20  00,-35  36  54, 150  20  04,KIOLOA,BATEMANS BAY,8926,KIOLOA,ST VINCENT,A beach about 0.5 km long situated on the south coast of N.S.W. about 6.5 km east of East Lynne.          ,   ,    ,  
45436,Pebbly Beach,BEACH,ASSIGNED,12th September 1975,"",Pebbley Beach,"",GREATER TAREE,-32  04  30, 152  32  00,-32  04  24, 152  32  04,HALLIDAYS POINT,FORSTER,9433,BERYAN,GLOUCESTER,A beach S of Hallidays Point. It is about 0.5 km long and about 1km ESE of Hallidays Point.          ,   ,    ,  
45437,Pebbly Beach,BEACH,ASSIGNED,12th September 1975,"",Pebbley Beach,"",GREAT LAKES,-32  11  00, 152  31  00,-32  10  54, 152  31  04,FORSTER,FORSTER,9433,FORSTER,GLOUCESTER,A beach to the E of South Head and about 1 km N by W of Forster Cemetery.          ,   ,    ,  
45438,Pebbly Beach,BEACH,ASSIGNED,29th June 1973,"","","",KEMPSEY,-31  11  00, 152  59  00,-31  10  54, 152  59  04,KUNDABUNG,KEMPSEY,9435,PALMERSTON,MACQUARIE,A beach S of Little Nobby and N of Crescent Head.           ,   ,    ,  
45439,Pebbly Beach,BEACH,ASSIGNED,1st June 1973,"",Peddly Beach,"",LAKE MACQUARIE,-33  04  30, 151  35  30,-33  04  24, 151  35  34,SWANSEA,LAKE MACQUARIE,9231,AWABA,NORTHUMBERLAND,A beach on Lake Macquarie about 2 km N of Pulbah Island.           ,   ,    ,  
45440,Pebbly Beach,BEACH,ASSIGNED,26th October 1984,"",Pebbley Beach; Gravelly,GNB4594,WYONG,-33  17  00, 151  34  00,-33  16  54, 151  34  04,TOUKLEY,LAKE MACQUARIE,9231,WALLARAH,NORTHUMBERLAND,"A beach about 1 km long extending north from Soldiers Point, situated about 1 km SE of Norah Head and about 2.5 km SSE of Noraville.          ",   ,    ,  
45441,Pebbley Beach,BEACH,VARIANT,"",Pebbly Beach,"","","",-33  17  00, 151  34  00,-33  16  54, 151  34  04,"",LAKE MACQUARIE,9231,"","",           ,   ,    ,  
45529,Pelican Beach,BEACH,ASSIGNED,13th March 2015,"","",GNB5704,WYONG,-33  17  52, 151  33  27,-33  17  46, 151  33  31,TOUKLEY,LAKE MACQUARIE,9231,WALLARAH,NORTHUMBERLAND,"A beach extending from Pelican Point, south to the northern suburb boundary of Magenta.          ",   ,    ,  
45718,Perkins Beach,BEACH,ASSIGNED,7th September 1973,"",South Beach,"",WOLLONGONG,-34  31  00, 150  53  00,-34  30  54, 150  53  04,ALBION PARK,KIAMA,9028,WOLLONGONG,CAMDEN,"A beach about 8 km long, extending from Red Point to Berrwarra Point. It is about 1 km SE of Primbee.          ",   ,    ,  
45947,Piccaninny Beach,BEACH,ASSIGNED,7th July 1972,"","","",EUROBODALLA,-36  05  00, 150  08  00,-36  04  54, 150  08  04,BODALLA,NAROOMA,8925,BODALLA,DAMPIER,"A coastal beach between Blackfellows Point, and Jabarrah Point, about 2km south of Tuross Head.          ",   ,    ,  
45978,Picnic Beach,BEACH,ASSIGNED,22nd February 1974,"","","",BEGA VALLEY,-36  37  00, 150  02  00,-36  36  54, 150  02  04,MURRAH,GOALEN POINT,8924,WAPENGO,DAMPIER,A coastal beach about 1.5 km S by W of Bengunnu Point and about 1/2 km SSE of Ginns Lookout.          ,   ,    ,  
46178,Pilot Beach,BEACH,ASSIGNED,23rd February 1973,"","","",HASTINGS,-31  38  00, 152  50  00,-31  37  54, 152  50  04,LAURIETON,CAMDEN HAVEN,9434,CAMDEN HAVEN,MACQUARIE,"A beach west of Perpendicular Point about 4 km ENE of Town of Laurieton. An ocean beach about 1 km long, extending to the N.W. from Perpendicular Point to the Camden Haven Inlet.         ",   ,    ,  
46470,Pinny Beach,BEACH,ASSIGNED,24th October 1975,"","","",LAKE MACQUARIE,-33  07  55, 151  38  30,-33  07  49, 151  38  34,CATHERINE HILL BAY,LAKE MACQUARIE,9231,WALLARAH,NORTHUMBERLAND,"A coastal beach about 5.3 km south, south west of Reids Mistake Head and 0.4km south west of Quarries Head.          ",   ,    ,  
46605,Pippi Beach,BEACH,ASSIGNED,2nd November 1973,"","","",CLARENCE VALLEY,-29  27  00, 153  22  00,-29  26  54, 153  22  04,YAMBA,WOODBURN,9539,YAMBA,CLARENCE,A beach extending about 2 km between Barri Point and Yamba Point.           ,   ,    ,  
46706,Platt Beach,BEACH,ASSIGNED,27th April 1984,"","","",LEETON,-34  43  00, 146  27  00,-34  42  54, 146  27  04,GOGELDRIE WEIR,YANCO,8128,CUDGEL,COOPER,A beach on the Murrumbidgee River about 9 km S by W of Roach.           ,   ,    ,  
46779,Plumbago Beach,BEACH,ASSIGNED,11th June 1982,"","","",CLARENCE VALLEY,-29  33  00, 153  20  00,-29  32  54, 153  20  04,BROOMS HEAD,BARE POINT,9538,YAMBA,CLARENCE,Beach located approx 2 km N by E of Red Cliff and approx 1 1/2 km S by E of Lake Arragan.          ,   ,    ,  
46832,The Point Beach,BEACH,VARIANT,"",Point Beach,"","","",-34  35  50, 146  01  45,-34  35  44, 146  01  49,"",YANCO,8128,"","",           ,   ,    ,  
46833,Point Beach,BEACH,ASSIGNED,21st June 1985,"",The Point Beach,"",LEETON,-34  35  50, 146  01  45,-34  35  44, 146  01  49,WHITTON,YANCO,8128,CUBA,COOPER,A beach situated on the Murrumbidgee River about 5 km SSE of Darlington Point (Town).          ,   ,    ,  
47144,Port Kembla Beach,BEACH,VARIANT,"",North Beach,"","",WOLLONGONG,-34  29  00, 150  54  30,-34  28  54, 150  54  34,"",WOLLONGONG,9029,"","",           ,   ,    ,  
47178,Portuguese Beach,BEACH,ASSIGNED,21st January 1977,"",Sandy Beach,"",PITTWATER,-33  36  30, 151  18  00,-33  36  24, 151  18  04,BROKEN BAY,SYDNEY,9130,BROKEN BAY,CUMBERLAND,A beach on Portuguese Bay about 4 km SSW of Shark Rock and about 1 km SE of Bonney Doon Wharf.          ,   ,    ,  
47208,Potato Beach,BEACH,DISCONTINUED,2nd July 1989,Potato Point Beach,"","",EUROBODALLA,-36  06  00, 150  08  00,-36  05  54, 150  08  04,BODALLA,NAROOMA,8925,BODALLA,DAMPIER,"A coastal beach between Jabarrah Point and Potato Point, about 3km south of Tuross Head.          ",   ,    ,  
47288,Powells Beach,BEACH,VARIANT,"",Paradise Beach,"","","",-33  37  30, 151  19  00,-33  37  24, 151  19  04,"",SYDNEY,9130,"","",           ,   ,    ,  
47344,Pretty Beach,BEACH,ASSIGNED,22nd December 1967,"","","",SHOALHAVEN,-35  34  00, 150  22  00,-35  33  54, 150  22  04,KIOLOA,BATEMANS BAY,8926,KIOLOA,ST VINCENT,A beach about 200 yards long situated on the south coast of N.S.W. It is about 3 km south by west of Kioloa.          ,   ,    ,  
47345,Pretty Beach,BEACH,ASSIGNED,21st January 1977,"","","",GOSFORD,-33  32  00, 151  20  30,-33  31  54, 151  20  34,BROKEN BAY,SYDNEY,9130,KINCUMBER,NORTHUMBERLAND,A beach on Brisbane Water about 2 km N of Box Head and about 1 km SE of Kourung Gourung Point.          ,   ,    ,  
47394,Priests Beach,BEACH,VARIANT,"",Kiama Surf Beach,"","","",-34  40  00, 150  51  00,-34  39  54, 150  51  04,"",KIAMA,9028,"","",           ,   ,    ,  
47481,Providence Beach,BEACH,ASSIGNED,12th November 1976,"",North Beach,"",GREAT LAKES,-32  37  00, 152  19  00,-32  36  54, 152  19  04,BOMBAH POINT,PORT STEPHENS,9332,FENS,GLOUCESTER,A beach on the north side of Broughton Island about 0.5 km long.           ,   ,    ,  
47595,Pumphouse Beach,BEACH,ASSIGNED,8th March 1985,"",Pumphouse Beach No 2,"",BERRIGAN,-35  57  00, 145  45  00,-35  56  54, 145  45  04,TOCUMWAL,BERRIGAN,8026,COTTADIDDA,DENISON,"A beach on the south side of the Murray River, situated about 2 km SSE of Backhouse Hill and about 8 km SE of Barooga.          ",   ,    ,  
47596,Pumphouse Beach No 2,BEACH,VARIANT,"",Pumphouse Beach,"","","",-35  57  00, 145  45  00,-35  56  54, 145  45  04,"",BERRIGAN,8026,"","",           ,   ,    ,  
47691,Putty Beach,BEACH,ASSIGNED,21st January 1977,"",Killcare Beach,"",GOSFORD,-33  32  00, 151  22  00,-33  31  54, 151  22  04,BROKEN BAY,SYDNEY,9130,KINCUMBER,NORTHUMBERLAND,A coastal beach about 2 km E of Wagstaff and about 4 km SSW of Bensville.          ,   ,    ,  
47837,Quarry Beach,BEACH,ASSIGNED,11th May 1973,"","","",LAKE MACQUARIE,-33  07  30, 151  38  40,-33  07  24, 151  38  44,SWANSEA,LAKE MACQUARIE,9231,WALLARAH,NORTHUMBERLAND,A beach about 1 km long. It extends between Spoon Rocks and Quarries Head.          ,   ,    ,  
47851,Quarantine Beach,BEACH,ASSIGNED,18th January 1985,"","",GNB2663,MANLY,-33  49  00, 151  17  00,-33  48  54, 151  17  04,SYDNEY HEADS,SYDNEY,9130,MANLY COVE,CUMBERLAND,"A small beach within spring cove, located immediately to the east of Cannae Point, and below the site of the old North Head Quarantine Station.         ",   ,This beach adjoins the former Quarantine Station.    ,  
47942,Queenscliff Beach,BEACH,ASSIGNED,16th July 1976,"","","",MANLY,-33  47  30, 151  17  00,-33  47  24, 151  17  04,SYDNEY HEADS,SYDNEY,9130,MANLY COVE,CUMBERLAND,A beach extending south from Curl Curl Head and being part of Cabbage Tree Beach.          ,   ,    ,  
47961,Quicks Beach,BEACH,ASSIGNED,8th March 1985,"","","",BERRIGAN,-35  55  00, 145  41  00,-35  54  54, 145  41  04,TOCUMWAL,BERRIGAN,8026,COTTADIDDA,DENISON,A beach on the north side of the Murray River about 3 km SE by S of Barooga and about 27 km SE of Tocumwal.          ,   ,    ,  
48057,Racecourse Beach,BEACH,ASSIGNED,22nd December 1967,"","","",SHOALHAVEN,-35  32  20, 150  24  00,-35  32  14, 150  24  04,KIOLOA,BATEMANS BAY,8926,TERMEIL,ST VINCENT,"A  beach about 2 km NE of Kioloa,extending from Shelly Point to Bull Pup Point.          ",   ,    ,  
48058,Racecourse Beach,BEACH,DISCONTINUED,12th January 1990,RENNIES BEACH,"",GNB3311,SHOALHAVEN,-35  22  10, 150  28  37,-35  22  04, 150  28  41,MILTON,ULLADULLA,8927,ULLADULLA,ST VINCENT,A beach about 0.75 km long on the coast of N.S.W. about 1.25 km generally south south east of the Town of Ulladulla and 1.25 km west of Warden Head.         ,   ,    ,  
48122,Rainbow Beach,BEACH,ASSIGNED,22nd February 1973,"","","",HASTINGS,-31  34  00, 152  50  00,-31  33  54, 152  50  04,GRANTS HEAD,CAMDEN HAVEN,9434,QUEENS LAKE,MACQUARIE,A beach about 3.5 km by road SSW of Lake Cathie village.           ,   ,    ,  
48497,Redbank Beach,BEACH,ASSIGNED,8th March 1985,"","","",BERRIGAN,-35  57  00, 145  51  00,-35  56  54, 145  51  04,TOCUMWAL,BERRIGAN,8026,BOOMANOOMANA,DENISON,A beach situated on the south side of the Murray River about 14 km E by S of Barooga and about 7 km SW by S of Gwynne Hill.          ,   ,    ,  
48563,Red Cliff Beach,BEACH,ASSIGNED,11th June 1982,"","","",CLARENCE VALLEY,-29  34  00, 153  20  00,-29  33  54, 153  20  04,BROOMS HEAD,BARE POINT,9538,YAMBA,CLARENCE,A beach located approx 3 km S of Lake Arragan and approx 4 km N by W of Buchanans Rock.          ,   ,    ,  
48622,Red Head Beach,BEACH,VARIANT,"",Saltwater Beach,"","","",-32  01  00, 152  33  00,-32  00  54, 152  33  04,"",FORSTER,9433,"","",           ,   ,    ,  
48623,Red Head Beach,BEACH,VARIANT,"",Diamond Beach,"","","",-32  02  00, 152  32  00,-32  01  54, 152  32  04,"",FORSTER,9433,"","",           ,   ,    ,  
48624,Redhead Beach,BEACH,ASSIGNED,11th May 1973,"","","",LAKE MACQUARIE,-33  01  00, 151  43  30,-33  00  54, 151  43  34,SWANSEA,LAKE MACQUARIE,9231,KAHIBAH,NORTHUMBERLAND,A beach about 1 km long. It extends between Redhead Point and Freshwater Creek.          ,   ,    ,  
48697,Red Hill Beach,BEACH,ASSIGNED,22nd February 1974,"","","",RICHMOND VALLEY,-29  07  30, 153  27  00,-29  07  24, 153  27  04,WOODBURN,WOODBURN,9539,RILEY,RICHMOND,A coastal beach at South Evans Head about 2 km ESE of the town of Evans Head.          ,   ,    ,  
48740,Red Ochre Beach,BEACH,ASSIGNED,15th October 1982,"","",GNB2296,WYONG,-33  12  00, 151  36  00,-33  11  54, 151  36  04,CATHERINE HILL BAY,LAKE MACQUARIE,9231,WALLARAH,NORTHUMBERLAND,A beach located about 5 km SSW of Catherine Hill Bay and about 4 km SE by E of Lake Munmorah.          ,   ,    ,  
48951,Reef Beach,BEACH,ASSIGNED,16th July 1976,"","","",MANLY,-33  48  30, 151  16  30,-33  48  24, 151  16  34,SYDNEY HEADS,SYDNEY,9130,MANLY COVE,CUMBERLAND,A beach about 1 km S of Fairlight and about 2 km NNW of Middle Head.           ,   ,REEF BEACH - So named because of reef at beach. P. 334. (Infr. from RAHS Journal Vol 31 Pt 5)   ,  
49064,Reserve Beach,BEACH,ASSIGNED,21st June 1985,"","","",LEETON,-34  34  00, 146  00  30,-34  33  54, 146  00  34,WHITTON,YANCO,8128,COLARAGANG,COOPER,A beach situated on the Murrumbidgee River about 1 km S of Darlington Point (Town)          ,   ,    ,  
49075,Resolute Beach,BEACH,ASSIGNED,21st January 1977,"","","",PITTWATER,-33  35  00, 151  18  00,-33  34  54, 151  18  04,BROKEN BAY,SYDNEY,9130,BROKEN BAY,CUMBERLAND,A beach on Pittwater about 2 km NNW of Sand Point and about 2 km W by S of Barrenjoey Trig. Station.          ,   ,    ,  
49161,Richmond Beach,BEACH,ASSIGNED,22nd December 1967,"","","",EUROBODALLA,-35  42  00, 150  17  00,-35  41  54, 150  17  04,DURRAS,BATEMANS BAY,8926,BENANDARAH,ST VINCENT,A 500 m long beach on the Tasman Sea about 3 km south of Durras.           ,   ,    ,  
49386,Rixons Beach,BEACH,ASSIGNED,30th May 1975,"","","",BEGA VALLEY,-37  04  00, 149  53  00,-37  03  54, 149  53  04,EDEN,EDEN,8823,EDEN,AUCKLAND,A small beach immediately east of Murrumbulga Point. Located about 2 km SW of Eden.          ,   ,    ,  
49477,Robins Beach,BEACH,ASSIGNED,2nd July 1971,"","","",BALLINA,-28  57  00, 153  31  00,-28  56  54, 153  31  04,BALLINA,BALLINA,9640,SOUTH BALLINA,RICHMOND,Ocean beach about 5 km south of Empire Vale.           ,   ,    ,  
49610,Rocky Beach,BEACH,ASSIGNED,6th April 1973,"","","",HASTINGS,-31  26  00, 152  55  00,-31  25  54, 152  55  04,PORT MACQUARIE,KEMPSEY,9435,MACQUARIE,MACQUARIE,A beach at Port Macquarie.North of Flynns Point and South of Oxleys Beach.          ,   ,    ,  
50027,Rosedale Beach,BEACH,ASSIGNED,10th December 1982,"","","",EUROBODALLA,-35  48  00, 150  13  00,-35  47  54, 150  13  04,MOGO,BATEMANS BAY,8926,BATEMAN,ST VINCENT,A beach about 3 km ENE of Tomakin and about 3 km S of Malua Bay.           ,   ,    ,  
50102,Rosherville (Chinamans) Beach,BEACH,VARIANT,"",Chinamans Beach,"","","",-33  48  00, 151  14  00,-33  47  54, 151  14  04,"",SYDNEY,9130,"","",           ,   ,    ,  
50809,Sailors Grave Beach,BEACH,VARIANT,"",Huskisson Beach,"","","",-35  03  00, 150  40  00,-35  02  54, 150  40  04,"",JERVIS BAY,9027,"","",           ,   ,    ,  
51015,Salmon Beach,BEACH,ASSIGNED,18th April 1980,"","","",LORD HOWE,-31  33  00, 159  04  00,-31  32  54, 159  04  04,LORD HOWE ISLAND,LORD HOWE ISLAND,,LORD HOWE ISLAND,LORD HOWE ISLAND,A beach to the south of Kings Beach and about 1 km NW of Mount Lidgbird.          ,   ,Fish locally known as salmon were caught here.    ,  
51067,Saltwater Beach,BEACH,VARIANT,"",Diamond Beach,"","","",-32  02  00, 152  32  00,-32  01  54, 152  32  04,"",FORSTER,9433,"","",           ,   ,    ,  
51068,Saltwater Beach,BEACH,ASSIGNED,12th September 1975,"",Diamond Beach; Red Head Beach Nr.,"",GREATER TAREE,-32  01  00, 152  33  00,-32  00  54, 152  33  04,HALLIDAYS POINT,FORSTER,9433,BERYAN,GLOUCESTER,A beach extending north from Soft Rocks to Saltwater Point for 3 km.           ,   ,    ,  
51182,Sanctuary Beach,BEACH,ASSIGNED,25th February 1972,"",Palm Beach,GNB851,SHOALHAVEN,-35  07  00, 150  38  00,-35  06  54, 150  38  04,CURRARONG,JERVIS BAY,9027,BHERWERRE,ST VINCENT,Beach on northern shore of St. Georges Basin west of Sanctuary Point.           ,   ,    ,  
51261,Sandy Beach,BEACH,VARIANT,"",Portuguese Beach,"","","",-33  36  30, 151  18  00,-33  36  24, 151  18  04,"",SYDNEY,9130,"","",           ,   ,    ,  
51271,Sandy Beach,BEACH,ASSIGNED,12th June 1981,"","","",SNOWY RIVER,-36  24  00, 148  39  00,-36  23  54, 148  39  04,JINDABYNE,BERRIDALE,8625,JINDERBOINE,WALLACE,A beach in Willow Bay about 1 km ENE of Tyrolean Village and 2 km W of Jinderboine Hill.          ,   ,    ,  
51273,Sandy Beach,BEACH,ASSIGNED,24th October 1975,"","","",WYONG,-33  08  00, 151  33  00,-33  07  54, 151  33  04,CATHERINE HILL BAY,LAKE MACQUARIE,9231,WALLARAH,NORTHUMBERLAND,A beach about 3 km ESE of Bird Cage Point and about 3 km NNW of Chain Valley Bay.          ,   ,    ,  
51274,Sandy Beach,BEACH,VARIANT,"",Birdie Beach,"","","",-33  13  00, 151  36  00,-33  12  54, 151  36  04,"",LAKE MACQUARIE,9231,"","",           ,   ,    ,  
51275,Sandy Beach,BEACH,ASSIGNED,11th April 1977,"",Snapperman Beach,GNB4131,PITTWATER,-33  36  14, 151  19  04,-33  36  08, 151  19  08,BROKEN BAY,SYDNEY,9130,NARRABEEN,CUMBERLAND,A beach on Pittwater extending South of Sand Point.           ,   ,    ,  
51276,Sandy Beach,BEACH,ASSIGNED,27th April 1984,"","","",LEETON,-34  43  00, 146  27  00,-34  42  54, 146  27  04,GOGELDRIE WEIR,YANCO,8128,CUDGEL,COOPER,a beach on the Murrumbidgee River about 9 km S by W of Roach.           ,   ,    ,  
51575,Sandy Beach,BEACH,ASSIGNED,17th May 2002,"",Diamond Head,"",COFFS HARBOUR,-30  09  00, 153  12  00,-30  08  54, 153  12  04,MOONEE BEACH,COFFS HARBOUR,9537,WOOLGOOLGA,FITZROY,A coastal beach about 2.5 km North East by North of the locality of Emerald Beach.          ,   ,    ,  
51933,Scarborough Beach,BEACH,ASSIGNED,2nd April 1976,"","","",WOLLONGONG,-34  16  30, 150  57  30,-34  16  24, 150  57  34,BULLI,WOLLONGONG,9029,SOUTHEND,CUMBERLAND,A coastal beach about 1 km ENE of Wombarra.           ,   ,    ,  
52066,Scotts Beach,BEACH,ASSIGNED,8th March 1985,"","","",BERRIGAN,-35  55  00, 145  40  00,-35  54  54, 145  40  04,TOCUMWAL,BERRIGAN,8026,BAROOGA,DENISON,A beach on the north side of the Murray River about 2 km ESE of Cobram.          ,   ,    ,  
52098,Scouts Beach,BEACH,VARIANT,"",Cobrooga Beach,"","","",-35  55  00, 145  40  00,-35  54  54, 145  40  04,"",BERRIGAN,8026,"","",           ,   ,    ,  
52381,Seven Mile Beach,BEACH,ASSIGNED,21st May 1971,"","","",BYRON,-28  45  00, 153  36  00,-28  44  54, 153  36  04,BALLINA,BALLINA,9640,NEWRYBAR,ROUS,Beach extending south from Schnapper Rock to Lennox Head.           ,   ,    ,  
52382,Seven Mile Beach,BEACH,ASSIGNED,12th September 1975,"","","",GREAT LAKES,-32  18  00, 152  32  00,-32  17  54, 152  32  04,PACIFIC PALMS,FORSTER,9433,FORSTER,GLOUCESTER,"A beach extending N from Booti Hill, for about 10 km. It is about 3 km SE of Snake Island.          ",   ,    ,  
52383,Seven Mile Beach,BEACH,ASSIGNED,23rd February 1973,"","","",SHOALHAVEN,-34  49  00, 150  46  00,-34  48  54, 150  46  04,GERROA,KIAMA,9028,COOLANGATTA,CAMDEN,Beach facing Shoalhaven Bight extending from the mouth of Crooked River south to Shoalhaven Heads.          ,   ,    ,  
52414,Seven Shillings Beach,BEACH,ASSIGNED,18th February 1977,"","","",WOOLLAHRA,-33  52  00, 151  14  00,-33  51  54, 151  14  04,PARRAMATTA RIVER,SYDNEY,9130,ALEXANDRIA,CUMBERLAND,A beach on the shore of Double Bay about 3 km S by E of Taronga Zoological Park.          ,   ,    ,  
52522,Shark Beach,BEACH,ASSIGNED,16th July 1976,"","","",WOOLLAHRA,-33  51  00, 151  16  00,-33  50  54, 151  16  04,SYDNEY HEADS,SYDNEY,9130,ALEXANDRIA,CUMBERLAND,A beach about 1km N of Hermit Point and about 2km SW by W of Gap Bluff           ,   ,    ,  
52534,Shark Net Beach,BEACH,ASSIGNED,18th January 1985,"","",GNB2656,SHOALHAVEN,-35  02  29, 150  40  21,-35  02  23, 150  40  25,HUSKISSON,JERVIS BAY,9027,CURRAMBENE,ST VINCENT,"A beach about 200 metres long, located at Huskisson about 400 metres NW of Tapalla Point.          ",   ,Beach takes the name from the shark net that used to safeguard the beach. It is believed that the sharknet was part of a World War 2 submarine net.  ,  
52550,Sharpes Beach,BEACH,ASSIGNED,20th June 2003,"",Sharps Beach,"",BALLINA,-28  50  30, 153  36  00,-28  50  24, 153  36  04,BALLINA,BALLINA,9640,BALLINA,ROUS,A coastal beach between Angels Beach and Boulder Beach about 3.5 km S by E of Lennox Head Trig. Station.          ,   ,"Named after John and David Sharpe, two brothers who were both settlers and received adjoining grants of land which were bounded on the east by this beach. [Mrs Betty Jeffrey, a decendant of John and David sharpe]. ",  
52748,Shelley Beach,BEACH,ASSIGNED,11th June 1982,"","","",CLARENCE VALLEY,-29  32  00, 153  21  00,-29  31  54, 153  21  04,BROOMS HEAD,BARE POINT,9538,YAMBA,CLARENCE,Beach situated approx 2 km ENE of Lake Arragan and approx 3 1/2 km S of Cassons Trig. Station.          ,   ,    ,  
52749,Shelley Beach,BEACH,VARIANT,"",Shelly Beach,"","","",-32  27  00, 152  22  00,-32  26  54, 152  22  04,"",BULAHDELAH,9333,"","",           ,   ,    ,  
52750,Shelley Beach,BEACH,VARIANT,"",Shelly Beach,"","","",-33  22  00, 151  30  00,-33  21  54, 151  30  04,"",GOSFORD,9131,"","",           ,   ,    ,  
52751,Shelley Beach,BEACH,VARIANT,"",Shelly Beach,"","","",-34  47  00, 150  50  00,-34  46  54, 150  50  04,"",KIAMA,9028,"","",           ,   ,    ,  
52752,Shelley Beach,BEACH,VARIANT,"",Shelly Beach,"","","",-30  39  00, 153  01  00,-30  38  54, 153  01  04,"",NAMBUCCA,9536,"","",           ,   ,    ,  
52753,Shelley Beach,BEACH,VARIANT,"",Shelly Beach,"","","",-34  04  00, 151  09  00,-34  03  54, 151  09  04,"",PORT HACKING,9129,"","",           ,   ,    ,  
52754,Shelley Beach,BEACH,VARIANT,"",Shelly Beach,"","","",-33  48  00, 151  18  00,-33  47  54, 151  18  04,"",SYDNEY,9130,"","",           ,   ,    ,  
52755,Shelley Beach,BEACH,VARIANT,"",Croppy Beach,"","","",-33  33  30, 151  15  00,-33  33  24, 151  15  04,"",SYDNEY,9130,"","",           ,   ,    ,  
52768,Shellharbour Beach,BEACH,ASSIGNED,7th September 1973,"","","",SHELLHARBOUR,-34  35  30, 150  52  30,-34  35  24, 150  52  34,ALBION PARK,KIAMA,9028,TERRAGONG,CAMDEN,A beach about 2 km long. It is about 3 km S of Barrack Point and E of Shellharbour.          ,   ,    ,  
52790,Shelly Beach,BEACH,ASSIGNED,21st May 1971,"",Pebbly Beach,"",BALLINA,-28  52  00, 153  36  00,-28  51  54, 153  36  04,BALLINA,BALLINA,9640,BALLINA,ROUS,Ocean beach at Ballina between Black Head and North Head.           ,   ,    ,  
52791,Shelly Beach,BEACH,ASSIGNED,9th July 1982,"","","",SHOALHAVEN,-35  32  00, 150  23  00,-35  31  54, 150  23  04,KIOLOA,BATEMANS BAY,8926,KIOLOA,ST VINCENT,A beach which lies W of Nundera Point and also between Kioloa Beach and Racecourse Beach.          ,   ,    ,  
52792,Shelly Beach,BEACH,ASSIGNED,21st June 1985,"",Shelley Beach,"",GREAT LAKES,-32  27  00, 152  22  00,-32  26  54, 152  22  04,MYALL LAKE,BULAHDELAH,9333,EURUNDEREE,GLOUCESTER,A beach extending south from Shelly Point and about 3 km E by N of Tickerabil.          ,   ,    ,  
52795,Shelly Beach,BEACH,ASSIGNED,17th November 1972,"","","",COFFS HARBOUR,-30  11  00, 153  11  00,-30  10  54, 153  11  04,MOONEE BEACH,COFFS HARBOUR,9537,MOONEE,FITZROY,A coastal beach between Dammerals Head and Look at Me Now Headland South East of the locality of Emerald Beach.          ,   ,    ,  
52796,Shelly Beach,BEACH,ASSIGNED,12th September 1975,"","","",GREAT LAKES,-32  20  00, 152  32  00,-32  19  54, 152  32  04,PACIFIC PALMS,FORSTER,9433,FORSTER,GLOUCESTER,"A beach SW of Seagull Point. It is about 1 km long, and about 1 km ENE of the village Elizabeth Beach.          ",   ,    ,  
52797,Shelly Beach,BEACH,ASSIGNED,12th September 1975,"","","",GREATER TAREE,-32  03  30, 152  32  00,-32  03  24, 152  32  04,HALLIDAYS POINT,FORSTER,9433,BERYAN,GLOUCESTER,A beach about 1 km long. It is N of Red Head and about 3 km SE by E of Diamond Beach Locality.          ,   ,    ,  
52798,Shelly Beach,BEACH,ASSIGNED,26th March 1970,"",Shelley Beach,"",WYONG,-33  22  01, 151  30  00,-33  21  55, 151  30  04,WYONG,GOSFORD,9131,TUGGERAH,NORTHUMBERLAND,"About 1.6 km of beach facing the Pacific Ocean, about 3.2 km south of the Entrance to Tuggerah Lakes.          ",   ,    ,  
52800,Shelly Beach,BEACH,ASSIGNED,6th April 1973,"","","",HASTINGS,-31  27  00, 152  56  00,-31  26  54, 152  56  04,PORT MACQUARIE,KEMPSEY,9435,MACQUARIE,MACQUARIE,A beach situated between Miners Beach and Nobby Head. It is about 2.5 km SE by S of the town of Port Macquarie.          ,   ,    ,  
52801,Shelly Beach,BEACH,ASSIGNED,23rd March 1973,"",Shelley Beach,"",SHOALHAVEN,-34  47  00, 150  50  00,-34  46  54, 150  50  04,GERROA,KIAMA,9028,BROUGHTON,CAMDEN,"A coastal beach between Walkers Beach and Black Head, about 1 km SE of the village of Gerroa.          ",   ,    ,  
52802,Shelly Beach,BEACH,ASSIGNED,24th December 1971,"",Shelley Beach,"",NAMBUCCA,-30  39  00, 153  01  00,-30  38  54, 153  01  04,MACKSVILLE,NAMBUCCA,9536,NAMBUCCA,RALEIGH,Coastal beach at Nambucca Heads NW of Cliffy Point.           ,   ,    ,  
52803,Shelly Beach,BEACH,ASSIGNED,16th July 1976,"",Shelley Beach,"",MANLY,-33  48  00, 151  18  00,-33  47  54, 151  18  04,SYDNEY HEADS,SYDNEY,9130,MANLY COVE,CUMBERLAND,A small beach beside Cabbage Tree Bay at Manly. Located about 1 km NW of Blue Fish Point.          ,   ,    ,  
52804,Shelly Beach,BEACH,ASSIGNED,22nd June 1973,"","","",SUTHERLAND SHIRE,-34  04  00, 151  09  00,-34  03  54, 151  09  04,PORT HACKING,PORT HACKING,9129,SUTHERLAND,CUMBERLAND,A beach at Cronulla adjacent to Shelly Park. Located about 700 metres north of Glaisher Point.          ,   ,    ,  
52965,Short Point Beach,BEACH,ASSIGNED,22nd February 1974,"","","",BEGA VALLEY,-36  52  30, 149  56  00,-36  52  24, 149  56  04,PAMBULA,BEGA,8824,PAMBULA,AUCKLAND,A coastal beach 1 km NE by N of Black Lagoon.           ,   ,    ,  
53020,Silver Beach,BEACH,ASSIGNED,16th July 1976,"","","",MANLY,-33  48  00, 151  16  00,-33  47  54, 151  16  04,SYDNEY HEADS,SYDNEY,9130,MANLY COVE,CUMBERLAND,A beach along the shore of North Harbour about 2 km NNE of Grotto Point.          ,   ,    ,  
53023,Silver Beach,BEACH,ASSIGNED,5th July 1985,"",Kurnell Beach,"",SUTHERLAND SHIRE,-34  01  00, 151  12  00,-34  00  54, 151  12  04,PORT HACKING,PORT HACKING,9129,SUTHERLAND,CUMBERLAND,A beach N of Kurnell between Bonna Point and Sutherland Point.           ,   ,    ,  
53220,Skennars Beach,BEACH,VARIANT,"",Boulder Beach,"","","",-28  49  00, 153  36  00,-28  48  54, 153  36  04,"",BALLINA,9640,"","",           ,   ,    ,  
53223,Ski Beach,BEACH,ASSIGNED,27th April 1984,"","","",LEETON,-34  38  00, 146  20  00,-34  37  54, 146  20  04,GOGELDRIE WEIR,YANCO,8128,GOGELDRIE,COOPER,A beach located on the Murrumbidgee River about 12 km W by N of Roach.          ,   ,    ,  
53224,Ski Beach,BEACH,ASSIGNED,8th March 1985,"","","",BERRIGAN,-35  55  00, 145  39  00,-35  54  54, 145  39  04,TOCUMWAL,BERRIGAN,8026,BAROOGA,DENISON,A beach on the north side of the Murray River about 3 km WSW of Barooga and about 24 km SE of Tocumwal.          ,   ,    ,  
53411,Smithers Beach,BEACH,ASSIGNED,8th March 1985,"","","",BERRIGAN,-35  51  00, 145  35  00,-35  50  54, 145  35  04,TOCUMWAL,BERRIGAN,8026,TOCUMWAL,DENISON,A beach situated on the north side of the Murray River about 8 km SE by S of Tocumwal and about 9 km WNW of Barooga.          ,   ,    ,  
53612,Snapperman Beach,BEACH,ASSIGNED,21st January 1977,"",Sandy Beach,GNB4131,PITTWATER,-33  36  54, 151  19  04,-33  36  48, 151  19  08,BROKEN BAY,SYDNEY,9130,NARRABEEN,CUMBERLAND,A beach on Pittwater extending north of Sand Point to Observation Point.          ,   ,"Snapperman Beach named after the Chinese who caught and dried snapper there.   Source:  Manly to Palm Beach, Alan Sharpes (1983)",  
53613,Snapperman Beach,BEACH,VARIANT,"",Sandy Beach,"","","",-33  36  00, 151  19  00,-33  35  54, 151  19  04,"",SYDNEY,9130,"","",           ,   ,    ,  
53714,Soldiers Beach,BEACH,ASSIGNED,24th October 1975,"","","",WYONG,-33  18  00, 151  34  00,-33  17  54, 151  34  04,TOUKLEY,LAKE MACQUARIE,9231,WALLARAH,NORTHUMBERLAND,A beach about 1 km long between Pelican Point and Soldiers Point and about 3.5 km SE of S of the town of Toukley.          ,   ,    ,  
53829,South Beach,BEACH,VARIANT,"",Dunbogan Beach,"","","",-31  41  00, 152  49  00,-31  40  54, 152  49  04,"",CAMDEN HAVEN,9434,"","",           ,   ,    ,  
53830,South Beach,BEACH,VARIANT,"",Windang Beach,"","",WOLLONGONG,-34  31  30, 150  53  00,-34  31  24, 150  53  04,ALBION PARK,KIAMA,9028,"","",           ,   ,    ,  
53832,South Beach,BEACH,VARIANT,"",Forster Beach,"","","",-30  42  00, 152  59  00,-30  41  54, 152  59  04,"",MACKSVILLE,9436,"","",           ,   ,    ,  
53833,South Beach,BEACH,ASSIGNED,21st January 1977,"","","",PITTWATER,-33  38  00, 151  18  00,-33  37  54, 151  18  04,MONA VALE,SYDNEY,9130,NARRABEEN,CUMBERLAND,A beach on the shore of Pittwater about 2 km E by N of Church Point.           ,   ,    ,  
54003,South Smoky Beach,BEACH,ASSIGNED,29th October 1971,"","","",KEMPSEY,-30  56  00, 153  05  00,-30  55  54, 153  05  04,SOUTH WEST ROCKS,NAMBUCCA,9536,ARAKOON,MACQUARIE,A beach on the east coast S of Smoky Cape and about 1.5 km SE of Big Smoky.          ,   ,    ,  
54005,South Steyne Beach,BEACH,VARIANT,"",Manly Beach,"","","",-33  48  00, 151  17  00,-33  47  54, 151  17  04,"",SYDNEY,9130,"","",           ,   ,    ,  
54870,Stanwell Park Beach,BEACH,ASSIGNED,30th April 1976,"","","",WOLLONGONG,-34  14  00, 150  59  00,-34  13  54, 150  59  04,APPIN,WOLLONGONG,9029,SOUTHEND,CUMBERLAND,A beach about 800 metres long situated at Stanwell Park.           ,   ,    ,  
54935,Steamers Beach,BEACH,ASSIGNED,6th October 1972,"",Steamer's Beach,"",SHOALHAVEN,-35  10  00, 150  41  00,-35  09  54, 150  41  04,SUSSEX INLET,JERVIS BAY,9027,BHERWERRE,ST VINCENT,A beach on the coast 5 km SSE of the village of Jervis Bay.           ,   ,    ,  
55116,Stockton Beach,BEACH,ASSIGNED,14th October 1977,"","","",PORT STEPHENS,-32  50  00, 151  54  00,-32  49  54, 151  54  04,WILLIAMTOWN,NEWCASTLE,9232,STOWELL,GLOUCESTER,A beach about 33 km long. It extends from Birubi Point generally WSW to Pirate Point.          ,   ,    ,  
55570,Store Beach,BEACH,ASSIGNED,16th July 1976,"","","",MANLY,-33  49  00, 151  17  30,-33  48  54, 151  17  34,SYDNEY HEADS,SYDNEY,9130,MANLY COVE,CUMBERLAND,A beach on the shore of Spring Cove about 1 km WNW of Quarantine Trig Station.          ,   ,STORE BEACH - named so because stores were landed here for the Quarantine Station. P. 335. (Infr. from RAHS Journal Vol 31 Pt 5)  ,  
55817,Submarine Beach,BEACH,ASSIGNED,14th January 1977,"","","",GREAT LAKES,-32  27  00, 152  29  00,-32  26  54, 152  29  04,MYALL LAKE,BULAHDELAH,9333,EURUNDEREE,GLOUCESTER,A beach about 4 km long confronting the Tasman Sea. It is to the E of Slide Hill and about 5 km S of Bridge Hill.          ,   ,Named after a submarine which was wrecked in the area - believed to be near the end of World War 11. Wreck is sometimes still visible.   ,  
56189,Surf Beach,BEACH,ASSIGNED,10th December 1982,"","","",EUROBODALLA,-35  45  40, 150  12  00,-35  45  34, 150  12  04,MOGO,BATEMANS BAY,8926,BATEMAN,ST VINCENT,A beach about 2 km SSE of Edgewood and about 1 km S of Denhams Beach.           ,   ,    ,  
56191,Surf Beach,BEACH,VARIANT,"",Easts Beach,"","","",-34  41  00, 150  51  00,-34  40  54, 150  51  04,"",KIAMA,9028,"","",           ,   ,    ,  
56192,Surf Beach,BEACH,VARIANT,"",Narooma Beach,"","","",-36  14  00, 150  08  00,-36  13  54, 150  08  04,"",NAROOMA,8925,"","",           ,   ,    ,  
56542,Syndicate Beach,BEACH,ASSIGNED,8th March 1985,"","","",BERRIGAN,-35  49  00, 145  31  00,-35  48  54, 145  31  04,TOCUMWAL,BERRIGAN,8026,TOCUMWAL,DENISON,"A beach situated on the north side of the Murray River, about 5 km W by S of Tocumwal.          ",   ,    ,  
56793,Tallow Beach,BEACH,ASSIGNED,21st May 1971,"","","",BYRON,-28  41  00, 153  37  00,-28  40  54, 153  37  04,BYRON BAY,BALLINA,9640,BYRON,ROUS,Beach at Suffolk Park extending S from Cape Byron for about 7 km.          ,   ,"Tallow, for soap and candle making, was made by melting the harder sections od animal fat. Like cedar it was a valuable cargo, and it is the loss of such cargo, following a shipwreck, that gave Tallow Beach its name. The ship was The Volunteer. (Rich.Twd.Reg.Lib. & Rich.R.H. Soc., 1983).",  
56794,Tallow Beach,BEACH,ASSIGNED,22nd February 1974,"","","",GOSFORD,-33  32  26, 151  21  00,-33  32  20, 151  21  04,BROKEN BAY,SYDNEY,9130,KINCUMBER,NORTHUMBERLAND,"A Beach about 1 km long,extending from Little Tallow Beach to Putty Beach.          ",   ,    ,  
56856,Tamarama Beach,BEACH,ASSIGNED,10th June 1977,"","","",WAVERLEY,-33  54  00, 151  16  00,-33  53  54, 151  16  04,BOTANY BAY,SYDNEY,9130,ALEXANDRIA,CUMBERLAND,A beach about 1 km N of Waverley Cometery and about 2 km ESE of Bondi Junction Trig Station.          ,   ,"`A map of the coastline in the 1860's by the Military or Naval Authority showed the name as `Gamma Gamma`, probably a native name. (Dowd BT, Centenary of Waverley 1859-1959).  Letter from Waverley Council, 15 December 1999. ",  
57156,Target Beach,BEACH,ASSIGNED,21st November 1969,"","","",SHOALHAVEN,-35  05  00, 150  47  00,-35  04  54, 150  47  04,CURRARONG,JERVIS BAY,9027,BEECROFT,ST VINCENT,A small beach on S coast of Beecroft Peninsula at mouth of Duck Creek.           ,   ,    ,  
57299,Taylors Beach,BEACH,ASSIGNED,12th November 1976,"",Banks Beach,GNB307,PORT STEPHENS,-32  44  00, 152  03  00,-32  43  54, 152  03  04,PORT STEPHENS,PORT STEPHENS,9332,TOMAREE,GLOUCESTER,A beach W of the locality Taylors Beach.           ,   ,    ,  
57301,Taylors Beach,BEACH,ASSIGNED,11th May 1977,"","","",PITTWATER,-33  38  00, 151  18  00,-33  37  54, 151  18  04,MONA VALE,SYDNEY,9130,NARRABEEN,CUMBERLAND,A beach on the shore of Pittwater at Taylors Point about 3km W by S of Saint Michaels Cave.          ,   ,    ,  
57348,Teachers Beach,BEACH,ASSIGNED,8th March 1985,"","","",BERRIGAN,-35  48  00, 145  32  00,-35  47  54, 145  32  04,TOCUMWAL,BERRIGAN,8026,TOCUMWAL,DENISON,"A beach on the south side of the Murray River, about 2 km west of Tocumwal and 1 km east of Walkers Lagoon.          ",   ,    ,  
57628,Ten Mile Beach,BEACH,ASSIGNED,4th January 1974,"","","",CLARENCE VALLEY,-29  17  00, 153  21  00,-29  16  54, 153  21  04,WOOMBAH,WOODBURN,9539,ESK,RICHMOND,The southern section only of a coastal beach which extends from Shark Bay near Woody Head in the south to Snapper Rock near Evans Head in the north. The name applies to that section of this beach from Shark Bay in the south to the mouth of Jerusalem Creek in the north.        ,   ,    ,  
57829,Terrigal Beach,BEACH,ASSIGNED,29th August 1975,"","","",GOSFORD,-33  26  30, 151  26  30,-33  26  24, 151  26  34,GOSFORD,GOSFORD,9131,KINCUMBER,NORTHUMBERLAND,A beach about 3 km SE by E of the Village Erina Heights and about 3 km SW by S of Wamberal Point. It is about 2 km long.          ,   ,    ,  
58504,Thirroul Beach,BEACH,ASSIGNED,2nd April 1976,"","","",WOLLONGONG,-34  19  00, 150  56  00,-34  18  54, 150  56  04,BULLI,WOLLONGONG,9029,SOUTHEND,CUMBERLAND,A coastal beach E of Thirroul and about 2 km NE of Bulli.           ,   ,    ,  
58549,Thompsons Beach,BEACH,VARIANT,"",Old Settlement Beach,"","",LORD HOWE,-31  31  00, 159  03  00,-31  30  54, 159  03  04,"",LORD HOWE ISLAND,,LORD HOWE ISLAND,LORD HOWE ISLAND,           ,   ,    ,  
58578,Thomsons Beach,BEACH,ASSIGNED,8th March 1985,"","","",BERRIGAN,-35  55  00, 145  40  00,-35  54  54, 145  40  04,TOCUMWAL,BERRIGAN,8026,BAROOGA,DENISON,A beach located on the south side of the Murray River about 3 km W of Barooga and about 23 km SE of Tocumwal.          ,   ,    ,  
58964,Timber Beach,BEACH,ASSIGNED,7th January 1972,"","","",WYONG,-33  11  00, 151  38  00,-33  10  54, 151  38  04,CATHERINE HILL BAY,LAKE MACQUARIE,9231,WALLARAH,NORTHUMBERLAND,Beach about 1 km N by W of Bongon Head.           ,   ,    ,  
59268,Tocumwal Beach,BEACH,ASSIGNED,8th March 1985,"",Town Beach,"",BERRIGAN,-35  49  00, 145  33  00,-35  48  54, 145  33  04,TOCUMWAL,BERRIGAN,8026,TOCUMWAL,DENISON,A beach on the north side of the Murray River about 1 km SW of Tocumwal.          ,   ,    ,  
59327,Tomakin Beach,BEACH,ASSIGNED,10th June 1983,"",Kingston Beach,GNB2336,EUROBODALLA,-35  50  00, 150  11  00,-35  49  54, 150  11  04,MOGO,BATEMANS BAY,8926,BATEMAN,ST VINCENT,"A beach about 800 metres long, located on the shores of Broulee Bay near the town of Tomakin, and immediately north of the mouth of Tomago River.         ",   ,    ,  
59447,Toms Beach,BEACH,ASSIGNED,8th March 1985,"",Big Toms Beach,"",BERRIGAN,-35  54  00, 145  38  00,-35  53  54, 145  38  04,TOCUMWAL,BERRIGAN,8026,BAROOGA,DENISON,A beach on the south side of the Murray River about 3 km north of Cobram railway station.          ,   ,    ,  
59894,Town Beach,BEACH,VARIANT,"",Tocumwal Beach,"","","",-35  49  00, 145  33  00,-35  48  54, 145  33  04,"",BERRIGAN,8026,"","",           ,   ,    ,  
59895,Town Beach,BEACH,ASSIGNED,29th June 1973,"","","",HASTINGS,-31  26  00, 152  55  00,-31  25  54, 152  55  04,PORT MACQUARIE,KEMPSEY,9435,MACQUARIE,MACQUARIE,"A beach South of Pelican Point and North of Gaol Point, at Port Macquarie.          ",   ,    ,  
59931,Towra Beach,BEACH,ASSIGNED,5th July 1985,"",Elephants Back,"",SUTHERLAND SHIRE,-34  00  00, 151  09  00,-33  59  54, 151  09  04,PORT HACKING,PORT HACKING,9129,SUTHERLAND,CUMBERLAND,A beach about 2 km long that extends SE from Towra Point. Located about 3 km west of Kurnell.          ,   ,    ,  
59934,Towra Spit Beach,BEACH,ASSIGNED,5th July 1985,"","","",SUTHERLAND SHIRE,-34  00  00, 151  09  00,-33  59  54, 151  09  04,PORT HACKING,PORT HACKING,9129,SUTHERLAND,CUMBERLAND,A beach extending to the SW from Towra Point and along the Elephants Trunk.          ,   ,    ,  
59938,Towradgi Beach,BEACH,ASSIGNED,14th May 1976,"",Fairy Meadow Beach,"",WOLLONGONG,-34  24  00, 150  54  30,-34  23  54, 150  54  34,WOLLONGONG,WOLLONGONG,9029,WOONONA,CAMDEN,A beach about 3km N of Wollongong and about 2.5km SW by S of Bellambi Trig Station.          ,   ,    ,  
60038,Treachery Beach,BEACH,ASSIGNED,12th September 1975,"",Yagon Beach,"",GREAT LAKES,-32  27  30, 152  30  00,-32  27  24, 152  30  04,SEAL ROCKS,FORSTER,9433,FORSTER,GLOUCESTER,A beach extending W from Treachery Head to Yagon Gibber.           ,   ,    ,  
60159,Trollops Reach,BEACH,VARIANT,"",Trollope Reach,"","","",-33  24  00, 151  00  30,-33  23  54, 151  00  34,"",GOSFORD,9131,"","",           ,   ,    ,  
60186,True Beach,BEACH,VARIANT,"",Trues Beach,"","","",-35  57  00, 145  54  00,-35  56  54, 145  54  04,"",BERRIGAN,8026,"","",           ,   ,    ,  
60187,Trues Beach,BEACH,ASSIGNED,8th March 1985,"",True Beach,"",BERRIGAN,-35  57  00, 145  54  00,-35  56  54, 145  54  04,TOCUMWAL,BERRIGAN,8026,BOOMANOOMANA,DENISON,A beach on the south side of the Murray River about 20 km E by S of Barooga and about 6 km SSE of Gwynne Hill.          ,   ,    ,  
60333,Tuggerah Beach,BEACH,DISCONTINUED,13th March 2015,"",North Entrance Beach,"",WYONG,-33  19  00, 151  32  00,-33  18  54, 151  32  04,TOUKLEY,LAKE MACQUARIE,9231,WALLARAH,NORTHUMBERLAND,"A beach 8 km long, starting from Pelican Point and extending SW by W to Karagi Park.          ",   ,    ,  
60519,Tuncurry Beach,BEACH,VARIANT,"",Nine Mile Beach,"","","",-32  07  00, 152  30  00,-32  06  54, 152  30  04,"",FORSTER,9433,"","",           ,   ,    ,  
60587,Tura Beach,BEACH,ASSIGNED,22nd February 1974,"","","",BEGA VALLEY,-36  50  00, 149  56  00,-36  49  54, 149  56  04,WOLUMLA,BEGA,8824,BOURNDA,AUCKLAND,A coastal beach extending from Bournda Island for about 3.5 km and ending 2km NW of Tura Head.          ,   ,    ,  
60606,Turimetta Beach,BEACH,ASSIGNED,21st January 1977,"",Little Beach,"",PITTWATER,-33  42  00, 151  18  00,-33  41  54, 151  18  04,MONA VALE,SYDNEY,9130,NARRABEEN,CUMBERLAND,"A coastal beach between Turimetta Head and Narrabeen Head, about 2km S by E of Mona Vale.          ",   ,    ,  
60664,Turners Beach,BEACH,ASSIGNED,2nd November 1973,"","","",CLARENCE VALLEY,-29  26  00, 153  22  00,-29  25  54, 153  22  04,YAMBA,WOODBURN,9539,YAMBA,CLARENCE,"A Beach about 600m long in the Pacific Ocean,about 1500m NE of Yamba.           ",   ,    ,  
60785,Twenty By Twelve Beach,BEACH,VARIANT,"",Blueys Beach,"","","",-32  21  30, 152  31  30,-32  21  24, 152  31  34,"",FORSTER,9433,"","",           ,   ,    ,  
61168,Umina Beach,BEACH,ASSIGNED,22nd February 1974,"","","",GOSFORD,-33  31  37, 151  19  06,-33  31  31, 151  19  10,BROKEN BAY,SYDNEY,9130,PATONGA,NORTHUMBERLAND,A beach stretching north for about 1 km from Mount Ettalong about 2 km WSW of Wagstaff Point.          ,   ,native word meaning 'to rest' P. 146. (Information from Good Old Woy Woy - Charles Swancott.   ,  
61929,Wairo Beach,BEACH,ASSIGNED,22nd December 1967,"","","",SHOALHAVEN,-35  25  00, 150  26  00,-35  24  54, 150  26  04,"",ULLADULLA,8927,WOODBURN,ST VINCENT,About 3 km of beach between Lagoon Head and Toubouree Point.           ,   ,    ,  
62052,Walkers Beach,BEACH,ASSIGNED,23rd March 1973,"","",GNB5407,SHOALHAVEN,-34  46  00, 150  50  00,-34  45  54, 150  50  04,GERROA,KIAMA,9028,BROUGHTON,CAMDEN,"A beach on the South Coast, 2 km SSE of the town of Gerrinong.           ",   ,"Named after ROBERT ROSS WALKER and his family who settled on the 93 acres of land, which included the entire beachfrontage,which they farmed until 1978 when they sold it to Kiama Council for  $150,000. Kiama Municipal Council then sold 90 acres to Gerringong Golf Club who constructed a golf course on the land.",  
62177,Wallagoot Beach,BEACH,ASSIGNED,22nd February 1974,"","","",BEGA VALLEY,-36  48  00, 149  57  00,-36  47  54, 149  57  04,WOLUMLA,BEGA,8824,BOURNDA,AUCKLAND,A coastal beach extending from Turingal Head S by W for about 3km E of Bournda Trig. Station.          ,   ,    ,  
62494,Wamberal Beach,BEACH,ASSIGNED,29th August 1975,"","","",GOSFORD,-33  25  30, 151  27  30,-33  25  24, 151  27  34,GOSFORD,GOSFORD,9131,KINCUMBER,NORTHUMBERLAND,A beach extending south from Wamberal Point and situated about 3 km ENE of the locality Matcham and about 3 km SW of Wyrrabalong Trig. Station. It is about 1 km long.         ,   ,    ,  
62552,Wanda Beach,BEACH,ASSIGNED,22nd June 1973,"","","",SUTHERLAND SHIRE,-34  03  00, 151  10  00,-34  02  54, 151  10  04,PORT HACKING,PORT HACKING,9129,SUTHERLAND,CUMBERLAND,"A coastal beach about 2 km E of Woolooware,           ",   ,    ,  
62594,Wanderrabah Beach or Jimmys Beach,BEACH,VARIANT,"",Jimmys Beach,"","","",-32  41  00, 152  12  00,-32  40  54, 152  12  04,"",PORT STEPHENS,9332,"","",           ,   ,    ,  
62664,Wangi Beach,BEACH,VARIANT,"",Wangi Wangi Beach,"","","",-33  04  30, 151  35  10,-33  04  24, 151  35  14,"",LAKE MACQUARIE,9231,"","",           ,   ,    ,  
62671,Wangi Wangi Beach,BEACH,ASSIGNED,31st August 1973,"",Wangi Beach,"",LAKE MACQUARIE,-33  04  30, 151  35  10,-33  04  24, 151  35  14,SWANSEA,LAKE MACQUARIE,9231,AWABA,NORTHUMBERLAND,A beach about 1 km long. It is about 1 km E of Goonda Point and about 1km SE by S of Lakeview.          ,   ,    ,  
62725,Wants Beach,BEACH,ASSIGNED,4th May 1973,"","","",SUTHERLAND SHIRE,-34  04  00, 151  03  00,-34  03  54, 151  03  04,PORT HACKING,PORT HACKING,9129,SUTHERLAND,CUMBERLAND,"A beach within a bend of the Hacking River, East of Reids Flats, about 0.8 km NE of Audley in the Royal National Park.          ",   ,    ,  
62743,Waradgery Beach,BEACH,ASSIGNED,21st June 1985,"","","",LEETON,-34  35  00, 146  01  00,-34  34  54, 146  01  04,WHITTON,YANCO,8128,CUBA,COOPER,"A beach situated on the Murrumbidgee River, about 3 km SE of Darlington Point (Town)          ",   ,    ,  
62888,Warilla Beach,BEACH,ASSIGNED,29th June 1973,"","","",SHELLHARBOUR,-34  33  00, 150  52  30,-34  32  54, 150  52  34,ALBION PARK,KIAMA,9028,TERRAGONG,CAMDEN,A beach extending about 3 km between Pur Pur and Barrack Points E of Warilla.          ,   ,    ,  
63007,Warrain Beach,BEACH,ASSIGNED,28th November 1969,"","","",SHOALHAVEN,-34  59  00, 150  47  00,-34  58  54, 150  47  04,CROOKHAVEN,KIAMA,9028,BEECROFT,ST VINCENT,A beach in the Shoalhaven Bight facing the Tasman Sea. It extends for about 8 km from the entrance to Wallumboola Lake in the north to Currarong in the south.         ,   ,    ,  
63151,Warriewood Beach,BEACH,ASSIGNED,21st January 1977,"","","",PITTWATER,-33  41  00, 151  18  30,-33  40  54, 151  18  34,MONA VALE,SYDNEY,9130,NARRABEEN,CUMBERLAND,A coastal beach about 500 metres long. Situated about 1 km S of Mona Vale Golf Course and 1km NW of Turimetta Head.          ,   ,    ,  
63249,Washaway Beach,BEACH,ASSIGNED,5th December 1986,"","",GNB2926,MANLY,-33  49  00, 151  15  00,-33  48  54, 151  15  04,SYDNEY HEADS,SYDNEY,9130,MANLY COVE,CUMBERLAND,"A beach on the eastern side of Grotto Point, about 300 metres from the southern extremity of that point.          ",   ,"The beach is said to disappear each winter, and return every summer.    ",  
63252,Washerwomans Beach,BEACH,ASSIGNED,17th November 1972,"",Washer Womans Beach,"",SHOALHAVEN,-35  13  00, 150  32  00,-35  12  54, 150  32  04,SUSSEX INLET,JERVIS BAY,9027,CONJOLA,ST VINCENT,A coastal beach about 5.5 km S by W of Cudmirrah.           ,   ,    ,  
63253,Washer Womans Beach,BEACH,VARIANT,"",Washerwomans Beach,"","","",-35  13  00, 150  32  00,-35  12  54, 150  32  04,"",JERVIS BAY,9027,"","",           ,   ,    ,  
63342,Wategos Beach,BEACH,ASSIGNED,2nd August 1974,"",Little Beach,"",BYRON,-28  38  00, 153  38  00,-28  37  54, 153  38  04,BYRON BAY,BALLINA,9640,BYRON,ROUS,A coastal beach about 1/2 km NW of Byron Bay Lighthouse.           ,   ,    ,  
63531,Wattamolla Beach,BEACH,ASSIGNED,4th May 1973,"","","",SUTHERLAND SHIRE,-34  08  00, 151  07  00,-34  07  54, 151  07  04,OTFORD,PORT HACKING,9129,WATTAMOLLA,CUMBERLAND,A coastal beach about 8.5 km NE of the locality of Burning Palms.           ,   ,    ,  
63704,Waynderrabah Beach,BEACH,VARIANT,"",Jimmys Beach,"","","",-32  41  00, 152  12  00,-32  40  54, 152  12  04,"",PORT STEPHENS,9332,"","",           ,   ,    ,  
64121,Werri Beach,BEACH,ASSIGNED,29th June 1973,"","","",KIAMA,-34  44  00, 150  50  00,-34  43  54, 150  50  04,KIAMA,KIAMA,9028,BROUGHTON,CAMDEN,A beach about 1 km NNE of Gerringong and about 1 km SW of Red Cliff.           ,   ,    ,  
64234,West Head Beach,BEACH,ASSIGNED,9th January 1987,"","","",PITTWATER,-33  34  00, 151  18  00,-33  33  54, 151  18  04,BROKEN BAY,SYDNEY,9130,BROKEN BAY,CUMBERLAND,A beach S by W of West Head and about 1 km NE by N of Great Mackerel Beach.          ,   ,    ,  
64382,Whale Beach,BEACH,ASSIGNED,21st January 1977,"","","",PITTWATER,-33  36  30, 151  20  00,-33  36  24, 151  20  04,BROKEN BAY,SYDNEY,9130,NARRABEEN,CUMBERLAND,A coastal beach S of Little Head and about 1 km NW of Careel Head.           ,   ,    ,  
64384,Whale Beach,BEACH,ASSIGNED,30th May 1975,"","","",BEGA VALLEY,-37  06  00, 149  54  00,-37  05  54, 149  54  04,EDEN,EDEN,8823,NULLICA,AUCKLAND,A beach about 1 km long. Beginning at Moutrys Point it extends SE to Kiah Inlet 3km ESE of BoydTown.          ,   ,    ,  
64545,Whites Beach,BEACH,ASSIGNED,8th March 1985,"",Whites Beach No 1,"",BERRIGAN,-35  50  00, 145  33  00,-35  49  54, 145  33  04,TOCUMWAL,BERRIGAN,8026,TOCUMWAL,DENISON,A beach on the north side of the Murray River about 2 km S of Tocumwal.          ,   ,    ,  
64547,Whites Beach No 1,BEACH,VARIANT,"",Whites Beach,"","","",-35  50  00, 145  33  00,-35  49  54, 145  33  04,"",BERRIGAN,8026,"","",           ,   ,    ,  
64645,Whites Beach,BEACH,ASSIGNED,4th June 1982,"","","",BYRON,-28  43  00, 153  36  00,-28  42  54, 153  36  04,BYRON BAY,BALLINA,9640,NEWRYBAR,ROUS,A beach located about 1 1/4 km S by E of Kings Beach and approx 3km ESE of Midgen Flat.          ,   ,    ,  
64687,Whiting Beach,BEACH,ASSIGNED,6th October 1972,"","","",SHOALHAVEN,-35  11  00, 150  41  00,-35  10  54, 150  41  04,SUSSEX INLET,JERVIS BAY,9027,BHERWERRE,ST VINCENT,A coastal beach about 2.5 km N by W of St. Georges Head.           ,   ,    ,  
64688,Whiting Beach,BEACH,ASSIGNED,19th November 1976,"","","",MOSMAN,-33  50  00, 151  14  00,-33  49  54, 151  14  04,PARRAMATTA RIVER,SYDNEY,9130,WILLOUGHBY,CUMBERLAND,A beach on the shore of Port Jackson about 2 km N by W of Clarke Island.          ,   ,    ,  
64689,Whiting Beach,BEACH,ASSIGNED,25th July 1986,"","","",CLARENCE VALLEY,-29  26  00, 153  21  00,-29  25  54, 153  21  04,YAMBA,WOODBURN,9539,YAMBA,CLARENCE,A beach along the north side of Hickey Island located about 1km NW of Yamba.          ,   ,    ,  
65269,Wilsons Beach,BEACH,ASSIGNED,17th November 1972,"","","",SHOALHAVEN,-35  00  25, 150  49  47,-35  00  19, 150  49  51,CURRARONG,JERVIS BAY,9027,BEECROFT,ST VINCENT,A beach east of Crookhaven Bight about 1.5 km North North East of Currarong.          ,   ,    ,  
65318,Wimbie Beach,BEACH,ASSIGNED,10th December 1982,"","","",EUROBODALLA,-35  45  50, 150  12  00,-35  45  44, 150  12  04,MOGO,BATEMANS BAY,8926,BATEMAN,ST VINCENT,A beach about 2 km SSE of Edgewood and about 3 km NW by N of Malua Bay.          ,   ,    ,  
65791,Wollongong Beach,BEACH,DISCONTINUED,5th February 1993,Wollongong City Beach,"",GNB3673,WOLLONGONG,-34  26  00, 150  54  00,-34  25  54, 150  54  04,WOLLONGONG,WOLLONGONG,9029,WOLLONGONG,CAMDEN,A beach South of Flagstaff Point along Marine Drive.           ,   ,    ,  
65802,Wollongong North Beach,BEACH,VARIANT,"",North Beach,"","",WOLLONGONG,-34  25  00, 150  54  00,-34  24  54, 150  54  04,"",WOLLONGONG,9029,"","",           ,   ,    ,  
65861,Wombarra Beach,BEACH,ASSIGNED,2nd April 1976,"","","",WOLLONGONG,-34  17  00, 150  57  00,-34  16  54, 150  57  04,BULLI,WOLLONGONG,9029,SOUTHEND,CUMBERLAND,A coastal beach E of Wombarra and about 2 km SSW of Clifton.           ,   ,    ,  
65948,Wonboyn Beach,BEACH,ASSIGNED,20th June 1975,"","","",BEGA VALLEY,-37  16  00, 149  57  00,-37  15  54, 149  57  04,NARRABARBA,EDEN,8823,NARRABARBA,AUCKLAND,A beach to the S ofBay Cliff and to the N of Greenglade and about 4km ESS of the village of Wonboyn Lake.          ,   ,    ,  
66231,Woolgoolga Beach,BEACH,ASSIGNED,17th November 1972,"","","",COFFS HARBOUR,-30  06  00, 153  12  00,-30  05  54, 153  12  04,WOOLGOOLGA,COFFS HARBOUR,9537,WOOLGOOLGA,FITZROY,A coastal beach extending about  1.3 km north of the Town of Woolgoolga.          ,"See Woolgoolga, designation town.   ",    ,  
66792,Yagon Beach,BEACH,VARIANT,"",Treachery Beach,"","","",-32  27  30, 152  30  00,-32  27  24, 152  30  04,"",FORSTER,9433,"","",           ,   ,    ,  
66886,Yamba Beach,BEACH,ASSIGNED,4th January 1974,"",Andersons Beach,"",CLARENCE VALLEY,-29  26  00, 153  22  00,-29  25  54, 153  22  04,YAMBA,WOODBURN,9539,YAMBA,CLARENCE,A beach E of Yamba and about 3 km SSE of Iluka.           ,   ,    ,  
67819,Zenith Beach,BEACH,ASSIGNED,12th November 1976,"","","",PORT STEPHENS,-32  43  20, 152  11  00,-32  43  14, 152  11  04,PORT STEPHENS,PORT STEPHENS,9332,TOMAREE,GLOUCESTER,A coastal beach to the south of Tomaree Head.           ,   ,    ,  
67827,Zinettis Beach No 1,BEACH,ASSIGNED,8th March 1985,"","","",BERRIGAN,-35  58  00, 145  56  00,-35  57  54, 145  56  04,TOCUMWAL,BERRIGAN,8026,BOOMANOOMANA,DENISON,A beach on the south side of the Murray River Located about 5 km WNW of Mulwala and about 9 km SE by S of Gwynne Hill.          ,   ,    ,  
67828,Zinettis Beach No 2,BEACH,ASSIGNED,8th March 1985,"","","",BERRIGAN,-35  58  00, 145  56  00,-35  57  54, 145  56  04,TOCUMWAL,BERRIGAN,8026,BOOMANOOMANA,DENISON,A beach on the south side of the Murray River. Located about 5 km WNW of Mulwala and about 9 km SE by S of Gwynne Hill.          ,   ,    ,  
71674,Main Beach,BEACH,ASSIGNED,20th May 1988,"","","",BEGA VALLEY,-36  25  00, 150  04  00,-36  24  54, 150  04  04,BERMAGUI,NAROOMA,8925,BERMAGUI,DAMPIER,A coastal beach about 400 metres long in Horseshoe Bay. Located about 1500 metres ESE of Bermagui.          ,   ,    ,  
71712,Moorhead Beach,BEACH,ASSIGNED,28th April 2000,"",Mooreheads,"",BEGA VALLEY,-36  25  00, 150  04  00,-36  24  54, 150  04  04,BERMAGUI,NAROOMA,8925,BERMAGUI,DAMPIER,"A coastal beach about 1 km long, extending SSE from Keatings Headland to the mouth of Bermagui River.          ",   ,"Named after Thomas Moorhead, a district pioneer of Bermagui, circa 1870s.  He owned a sawmill , had boats, built the school in the 1870s and was the first Post Master on the northern side of the Bermagui River. Source:   Ron Gaha, local Bermagui historian.",  
71768,New Zealand Beach,BEACH,ASSIGNED,24th July 1987,"","","",RICHMOND VALLEY,-29  08  00, 153  27  00,-29  07  54, 153  27  04,TABBIMOBLE,WOODBURN,9539,RILEY,RICHMOND,An ocean beach about 400 metres long situated adjacent to Evans Headland/Snapper Rock. Located about 3km SE of the town of Evans Head.          ,   ,Believed to have derived from gold mining activities in the 1800's.    ,  
71771,North Beach,BEACH,ASSIGNED,4th September 1987,"",North Wollongong Beach; Wollongong North Beach,"",WOLLONGONG,-34  25  00, 150  54  00,-34  24  54, 150  54  04,WOLLONGONG,WOLLONGONG,9029,WOLLONGONG,CAMDEN,A beach between Stuart Park and Battery Park along Cliff Road.           ,   ,    ,  
71780,North Wollongong Beach,BEACH,VARIANT,4th September 1987,North Beach,"","",WOLLONGONG,-34  25  00, 150  54  00,-34  24  54, 150  54  04,"",WOLLONGONG,9029,"","",           ,   ,    ,  
71795,O'Connors Beach,BEACH,ASSIGNED,11th March 1988,"",Connors Beach,"",KEMPSEY,-31  03  00, 153  03  00,-31  02  54, 153  03  04,KOROGORO POINT,KOROGORO POINT,9535,KINCHELA,MACQUARIE,A beach about 1 km S by E of Hat Head (Village) and about 2 km SSW of Korogoro Point.          ,   ,    ,  
71800,Old Bar Beach,BEACH,ASSIGNED,18th December 1987,"","",GNB3063,GREATER TAREE,-31  58  00, 152  35  00,-31  57  54, 152  35  04,CUNDLETOWN,CAMDEN HAVEN,9434,BOHNOCK,GLOUCESTER,A coastal beach about 6km long situated to the east of the town of Old Bar. It extends generally SSW from Farquhar Inlet to Wallabi Point.          ,   ,    ,  
71802,One Tree Beach,BEACH,ASSIGNED,30th September 1988,"","","",EUROBODALLA,-36  03  00, 150  08  00,-36  02  54, 150  08  04,BODALLA,NAROOMA,8925,CONGO,DAMPIER,A coastal beach about 200 metres long situated between Tuross Head and Boogumgoridge Point.          ,   ,"There is a solitary tree growing on Tuross Head, overlooking the beach.   ",  
71824,Pebbly Beach,BEACH,ASSIGNED,20th May 1988,"","","",BEGA VALLEY,-36  22  00, 150  04  00,-36  21  54, 150  04  04,BERMAGUI,NAROOMA,8925,BERMAGUI,DAMPIER,"A coastal beach about 300 metres long, extending northwards from Camel Rock to Murunna Point. Located about 5km NNE of Bermagui.          ",   ,    ,  
71921,Sandy Beach,BEACH,ASSIGNED,30th September 1988,"","","",JUNEE,-35  04  00, 147  44  00,-35  03  54, 147  44  04,WANTABADGERY,TARCUTTA,8427,WANTABADGERY,CLARENDON,"A beach beside the Murrumbidgee River, about 2 km south east of Wantabadgery.          ",   ,    ,  
72018,Third Beach,BEACH,ASSIGNED,11th March 1988,"","","",KEMPSEY,-31  04  00, 153  03  00,-31  03  54, 153  03  04,KOROGORO POINT,KOROGORO POINT,9535,KINCHELA,MACQUARIE,A beach about 3 km SSW of Korogoro Point and about 2 km S of Hat Head (Village)          ,   ,    ,  
72056,Wallabi Beach,BEACH,ASSIGNED,18th December 1987,"","",GNB3063,GREATER TAREE,-32  00  09, 152  34  00,-32  00  03, 152  34  04,HALLIDAYS POINT,FORSTER,9433,BOHNOCK,GLOUCESTER,A coastal beach about 1 km long that extends to the NNE from Saltwater Point to Wallabi Point.          ,   ,    ,  
72412,Penders Beach,BEACH,ASSIGNED,2nd June 1989,"","","",BEGA VALLEY,-36  38  00, 150  01  00,-36  37  54, 150  01  04,BEGA,BEGA,8824,TANJA,DAMPIER,A rocky beach about 1.5 km long between Stinking Bay and Bithry Inlet about 11km NE of Tathra.          ,   ,Named after family who owned land in the area.    ,  
72417,Potato Point Beach,BEACH,ASSIGNED,2nd June 1989,"",Potato Beach,"",EUROBODALLA,-36  05  00, 150  08  00,-36  04  54, 150  08  04,BODALLA,NAROOMA,8925,BODALLA,DAMPIER,"A coastal beach between Jabarrah Point and Potato Point, about 3km S of Tuross Head.          ",   ,Name derived from nearby village and headland.    ,  
72507,Yabbara Beach,BEACH,ASSIGNED,2nd June 1989,"",Little Dalmeny Beach,"",EUROBODALLA,-36  10  00, 150  08  00,-36  09  54, 150  08  04,NAROOMA,NAROOMA,8925,WAGONGA,DAMPIER,"A coastal beach about 400 mts long, situated S of Dalmeny. Located 1500 mts S of Mummuga Head and 3km N of Kianga Point.          ",   ,Said to be an aboriginal word - meaning unknown.    ,  
72938,Waterfall Beach,BEACH,ASSIGNED,25th October 1991,"",Little Birdie Beach,"",WYONG,-33  12  05, 151  37  05,-33  11  59, 151  37  09,CATHERINE HILL BAY,LAKE MACQUARIE,9231,WALLARAH,NORTHUMBERLAND,A beach within Munmorah State Recreation Area between Wybung Head and Red Ochre Beach.          ,   ,    ,  
73393,Sapphire Beach,BEACH,ADVERTISED,1st January 1991,"","","",COFFS HARBOUR,-30  13  00, 153  09  00,-30  12  54, 153  09  04,MOONEE BEACH,COFFS HARBOUR,9537,MOONEE,FITZROY,A coastal beach about 2 km long that extends northwards from White Bluff.  Located about 1500 metres south of the  village of Moonee Beach.         ,   ,    ,  
73541,Podmore Beach,BEACH,ASSIGNED,25th October 1991,"","",GNB3634,FAIRFIELD,-33  54  40, 150  58  05,-33  54  34, 150  58  09,LIVERPOOL,PENRITH,9030,HOLSWORTHY,CUMBERLAND,A small beach located at the southern end of Floyd Bay within the Chipping Norton Lakes Scheme.          ,   ,Named after a nurse Podmore who was involved herself looking after the poor.   ,  
73629,Wollongong City Beach,BEACH,ASSIGNED,5th February 1993,"",Wollongong Beach,GNB3673,WOLLONGONG,-34  26  00, 150  54  00,-34  25  54, 150  54  04,WOLLONGONG,WOLLONGONG,9029,WOLLONGONG,CAMDEN,A beach South of Flagstaff Point along Marine Drive.           ,   ,    ,"Wollongong City Surf Life Saving Club requested Wollongong City Council to rename the beach known as Wollongong Beach, Wollongong City Beach in August 1991."
74324,Main Beach,BEACH,DEFERRED,30th September 1992,"",Back Beach,GNB3930,CLARENCE VALLEY,-29  35  00, 153  20  00,-29  34  54, 153  20  04,BROOMS HEAD,BARE POINT,9538,CANOULAM,CLARENCE,Beach located about 4 km N by E of Cakora Lagoon and about 4.5 km S by W of Lake Arragan.          ,   ,    ,  
74399,Town Beach,BEACH,DEFERRED,30th September 1992,"",Ski Beach,GNB3930,BERRIGAN,-35  55  00, 145  39  00,-35  54  54, 145  39  04,TOCUMWAL,BERRIGAN,8026,BAROOGA,DENISON,A beach on the north side of the Murray River and about 3 km W of Barooga and about 23 km SE of Tocumwal.          ,   ,    ,  
74602,Rixons Beach,BEACH,ASSIGNED,30th September 1992,"","",GNB3930,BEGA VALLEY,-37  04  00, 149  53  00,-37  03  54, 149  53  04,EDEN,EDEN,8823,EDEN,AUCKLAND,           ,   ,    ,  
74893,South Tuross Beach,BEACH,DEFERRED,30th September 1992,"",Blackfellow Beach; Yarboro Beach,GNB3930,EUROBODALLA,-36  05  00, 150  08  00,-36  04  54, 150  08  04,BODALLA,NAROOMA,8925,BODALLA,DAMPIER,A coastal beach extending north from Blackfellows Point to Tuross Lake entrance.          ,   ,    ,  
75133,Narrawallee Beach,BEACH,ASSIGNED,23rd April 2004,"","",GNB3930,SHOALHAVEN,-35  18  00, 150  28  00,-35  17  54, 150  28  04,MILTON,ULLADULLA,8927,CONJOLA,ST VINCENT,A beach south of Narrawallee inlet adjoining the locality of Narrawallee.          ,   ,    ,  
75415,Whites Beach No 2,BEACH,VARIANT,30th September 1992,"","",GNB3930,BERRIGAN,-35  51  00, 145  35  00,-35  50  54, 145  35  04,TOCUMWAL,BERRIGAN,8026,TOCUMWAL,DENISON,"A beach on the north side of the Murray River, about 5 km SSE of           ",   ,    ,  
75416,Pumphouse Beach No 1,BEACH,VARIANT,30th September 1992,"","",GNB3930,BERRIGAN,-35  51  00, 145  45  00,-35  50  54, 145  45  04,TOCUMWAL,BERRIGAN,8026,COTTADIDDA,DENISON,"A beach situated on the south side of the Murray River, about           ",   ,    ,  
75417,Paddys Beach,BEACH,VARIANT,30th September 1992,"",Paddy Beach,GNB3930,BERRIGAN,-35  57  00, 145  54  00,-35  56  54, 145  54  04,TOCUMWAL,BERRIGAN,8026,BOOMANOOMANA,DENISON,"A beach situated on an anabranch of the Murray River, about 8 km           ",   ,    ,  
75418,Nevins Beach West,BEACH,VARIANT,30th September 1992,"","",GNB3930,BERRIGAN,-35  58  00, 145  51  00,-35  57  54, 145  51  04,TOCUMWAL,BERRIGAN,8026,BOOMANOOMANA,DENISON,"A beach situated on the south side of the Murray River, about           ",   ,    ,  
78656,Pebbly Beach,BEACH,ASSIGNED,25th January 1996,"","",GNB4112,EUROBODALLA,-36  14  50, 150  13  23,-36  14  44, 150  13  27,NAROOMA,NAROOMA,8925,NAROOMA,DAMPIER,A beach on the western side of the northern section of Montague Island.  It is the southern half of the bay area and comprises a small pebbly beach strip on a NE-SW axis.         ,   ,"Locally used name to identify the beach, now included in the Montague Island Nature Reserve Draft Plan of Management.   ",Name is used for marine management purposes.  
78828,Mitchies Beach,BEACH,ASSIGNED,29th March 1996,"",Lake Beach,GNB4224,BEGA VALLEY,-36  53  00, 149  55  00,-36  52  54, 149  55  04,PAMBULA,BEGA,8824,PAMBULA,AUCKLAND,"A beach, near the town of Merimbula, located on the southern side of the entrance to Merimbula Lake.          ",   ,Donald Henry James Mitchelson (1906-1978) constructed the existing jetty at the western end of the beach and operated from it.  He was the local Merimbula fisherman over many decades and sold fish from the jetty as well as to Sydney and the Eden cannery. ,Name in common local usage.  
78939,Raffertys Beach,BEACH,ASSIGNED,25th January 1996,"","",GNB4271,LAKE MACQUARIE,-33  07  25, 151  36  45,-33  07  19, 151  36  49,SWANSEA,LAKE MACQUARIE,9231,WALLARAH,NORTHUMBERLAND,"A sandy beach about 130m long on the eastern side of Lake Macquarie in the suburb of Cams Wharf.  It extends from a point 325m south of Point Morisset, southerly to rocks about 50m south of the wharf.         ",   ,The name is synonymous with the name given to the community being established in the area.  This community is called Rafferty's Resort.   ,  
79640,Quondolo Beach,BEACH,ASSIGNED,27th March 1997,"",Long Beach,GNB4228,BEGA VALLEY,-36  58  55, 149  55  30,-36  58  49, 149  55  34,PAMBULA,BEGA,8824,YOWAKA,AUCKLAND,A beach extending south 1.5 km from Quandolo Point within Ben Boyd National Park.  It is 3.8 km SW of Haycock Point and 4.2 km SE of Peach Tree Point.         ,   ,    ,Known as such to NP&WS staff and visitors for over 20 years.  The name `Long Beach` appears as the name of this feature on the first edition of the Pambula map but it was never assigned.
79642,Pinnacles Beach,BEACH,ASSIGNED,27th March 1997,"",Long Beach,GNB4228,BEGA VALLEY,-36  59  55, 149  55  30,-36  59  49, 149  55  34,PAMBULA,BEGA,8824,YOWAKA,AUCKLAND,A beach extending south from Quoraburagun Point for 2.5 km to Terrace Point within Ben Boyd National Park.          ,   ,"Named after The Pinnacles, an erosion formation in this area.    ","Beach well-known locally by this name.  The beach was shown as `Long Beach` on the first edition of the Eden 1;25,000 topographical map.  However, the name was never assigned."
79915,Wreck Beach,BEACH,DEFERRED,21st July 1997,"","",GNB4463,PORT STEPHENS,-32  44  00, 152  11  00,-32  43  54, 152  11  04,PORT STEPHENS,PORT STEPHENS,9332,TOMAREE,GLOUCESTER,A coastal beach about 1km N of Fly Roads and 0.3 km SE of Stephens Peak.          ,   ,This feature is known as `Wreck Beach` because of numerous wrecks on the beach.  (Crombie I National Parks and Wildlife Service officer proposal dated 3 July 1997)  ,This beach has been called `Wreck Beach` for minimum of twenty years. This name probably goes back to the time of settlement.  (Crombie I National Parks and Wildlife officer proposal dated 3 July 1997)
80098,Orion Beach,BEACH,ASSIGNED,15th May 1998,"","",GNB2776,SHOALHAVEN,-35  04  17, 150  40  58,-35  04  11, 150  41  02,HUSKISSON,JERVIS BAY,9027,BHERWERRE,ST VINCENT,"A beach at Vincentia, located 1 km west of Plantation Point, and lying to the west of Barfleur Beach.          ",   ,    ,The name 'Orion Beach' once applied to the beach now known as 'Barfleur Beach'.  Later the name 'Orion Beach' was moved to a beach west of the present 'Barfleur Beach'.
80219,Nimbin Beach,BEACH,ABANDONED,7th September 1998,Lighthouse Beach,Lighthouse Beach,GNB4594,WYONG,-33  16  55, 151  34  25,-33  16  49, 151  34  29,TOUKLEY,LAKE MACQUARIE,9231,WALLARAH,NORTHUMBERLAND,"A beach at Norah Head, about 200 metres NW of Norah Head Lighthouse.           ",   ,"This name commemorates the seven mariners who lost their lives on 5 December 1940, when the ship struck a mine off Norah Head.  The boat was the first Australian merchant ship to be sunk by German action on Australia's east coast.  (`Sun Weekly`  11 December 1997) ","In December 1997, Cr Greg Best of Wyong Council proposed that the beach be renamed to honour the men who lost their lives.  (`Sun Weekly` 11 December 1997)"
80760,North Avoca Beach,BEACH,ASSIGNED,22nd December 2000,"",; Avoca Beach,GNB4769,GOSFORD,-33  27  48, 151  26  10,-33  27  42, 151  26  14,GOSFORD,GOSFORD,9131,KINCUMBER,NORTHUMBERLAND,A beach about 2 km south of Terrigal and about 4 km north by west of Tudibaring Head.  It is in Bulbararing Bay and adjacent to the suburb of North Avoca.  It is about 1 km long.         ,   ,"Gosford Council proposed the name North Avoca Beach to the northern end of Avoca Beach, north of Avoca Lake.   ",  
80902,Sunset Beach,BEACH,ASSIGNED,29th June 2001,"","",GNB4800,PORT STEPHENS,-32  42  27, 152  03  43,-32  42  21, 152  03  47,PORT STEPHENS,PORT STEPHENS,9332,TOMAREE,GLOUCESTER,"A beach on the western shore of Soldiers Point in Port Stephens.  It extends from Pearson Park in the south, approximately 567metres in a northerly direction to  a point adjacent to Resthaven Avenue.         ",   ,"Named by the Soldiers Point/Salamander Bay Parks, Reserves and Halls Committee of Council.  The beach and adjacent park is a popular area for families to picnic and witness the spectacular sunset.  ",The small quiet beach was once primarily used for oyster farming.  The leases were bought out by the Cromarty Village Development who planned open public access onto the beach through Pearson Park.
81392,Main Beach,BEACH,ASSIGNED,5th July 2002,"","","",BYRON,-28  38  00, 153  38  00,-28  37  54, 153  38  04,BYRON BAY,BALLINA,9640,BYRON,ROUS,"A beach adjacent to the Byron Bay Surf Club, it extends east to Clarkes Beach and west to Belongil Beach.          ",   ,    ,  
82310,Sandon Point Beach,BEACH,ASSIGNED,20th August 2004,"","","",WOLLONGONG,-34  21  00, 150  55  00,-34  20  54, 150  55  04,BULLI,WOLLONGONG,9029,WOONONA,CAMDEN,A beach N of Waniora Point and S of Bulli Point.           ,   ,    ,  
82311,Woonona Beach,BEACH,ASSIGNED,20th August 2004,"","","",WOLLONGONG,-34  21  00, 150  55  00,-34  20  54, 150  55  04,BULLI,WOLLONGONG,9029,WOONONA,CAMDEN,A beach S of Waniora Point and N of Billambi Beach.           ,   ,    ,  
82314,Tathra Beach,BEACH,ASSIGNED,20th August 2004,"","","",BEGA VALLEY,-36  44  00, 149  59  00,-36  43  54, 149  59  04,BEGA,BEGA,8824,WALLAGOOT,AUCKLAND,A beach adjacent to the township of Tathra about 1 km W of Tathra Point.          ,   ,    ,  
82318,Red Rock Beach,BEACH,ASSIGNED,24th August 2004,"","",GNB5097,COFFS HARBOUR,-30  02  00, 153  12  00,-30  01  54, 153  12  04,WOOLGOOLGA,COFFS HARBOUR,9537,WOOLGOOLGA,FITZROY,A coastal beach extending northwards from Corindi Beach to Red Rock.           ,   ,    ,  
82419,Middle Beach,BEACH,RECORDED,27th September 2004,"","","",BEGA VALLEY,-36  53  30, 149  56  00,-36  53  24, 149  56  04,PAMBULA,BEGA,8824,PAMBULA,AUCKLAND,A beach approx 700m long situated midway between Short Point and Merimbula Point at the northern end of Merimbula Bay.          ,   ,    ,  
82420,Wallaga Beach,BEACH,RECORDED,27th September 2004,"","","",BEGA VALLEY,-36  21  00, 150  05  30,-36  20  54, 150  05  34,CENTRAL TILBA,NAROOMA,8925,BERMAGUI,DAMPIER,A beach approx 5 km long running in a NNE direction from Murunna Point  near the settlements of Wallaga Lake Heights and Akolele.          ,   ,    ,  
82430,Shelly Beach,BEACH,RECORDED,27th September 2004,"","","",BEGA VALLEY,-36  25  10, 150  04  10,-36  25  04, 150  04  14,BERMAGUI,NAROOMA,8925,BERMAGUI,DAMPIER,A beach at the eastern end of Horseshoe Bay. It is located about 600m NNW of Bermagui Trig Station.          ,   ,    ,  
82541,Woolgoolga Back Beach,BEACH,ASSIGNED,2nd December 2005,"","",GNB5068,COFFS HARBOUR,-30  07  20, 153  12  15,-30  07  14, 153  12  19,WOOLGOOLGA,COFFS HARBOUR,9537,WOOLGOOLGA,FITZROY,A coastal beach approx. 1.8 km long extending north of Flat Top Point to Woolgoolga Headland.  Adjoins the suburb of Woolgoolga.          ,   ,Woolgoolga Back Beach takes it name from the township of Woolgoolga.   ,  
82543,Station Creek Beach,BEACH,ASSIGNED,2nd December 2005,"","",GNB5068,COFFS HARBOUR,-29  57  57, 153  14  41,-29  57  51, 153  14  45,RED ROCK,BARE POINT,9538,RED ROCK,CLARENCE,"A coastal beach approx. 3.5 km long extending north of Corindi River to Station Creek.  Adjoins Yuraygir National Park, locality of Barcoongere.         ",   ,Station Creek Beach takes it name from the historical locality of Station Creek.   ,  
82545,Wooli Beach,BEACH,ASSIGNED,2nd December 2005,"","",GNB5068,CLARENCE VALLEY,-29  51  36, 153  16  07,-29  51  30, 153  16  11,BARE POINT,BARE POINT,9538,WOOLI WOOLI,CLARENCE,A coastal beach approx. 6.6 km extending north from the north entrance wall at Wooli Wooli River in the locality of Wooli  to Wilsons Head.          ,   , Named after the locality of Wooli.    ,  
82547,Minnie Water Back Beach,BEACH,ASSIGNED,2nd December 2005,"","",GNB5068,CLARENCE VALLEY,-29  47  40, 153  17  21,-29  47  34, 153  17  25,BARE POINT,BARE POINT,9538,SCOPE,CLARENCE,A coastal beach approx. 3 km long extending north from Diggers Camp Beach to a rocky outcrop south of Tree Point at the village of Minnie Water.         ,   ,Named after the village of Minnie Water.    ,  
82548,Minnie Water Beach,BEACH,ASSIGNED,2nd December 2005,"","",GNB5068,CLARENCE VALLEY,-29  46  12, 153  17  45,-29  46  06, 153  17  49,BARE POINT,BARE POINT,9538,SCOPE,CLARENCE,A coastal beach approx. 1 km long adjacent to the village of Minnie Water and extending north to Rocky Point.          ,   ,Named after the village of Minnie Water.    ,  
82550,Sandon Beach,BEACH,ASSIGNED,2nd December 2005,"","",GNB5068,CLARENCE VALLEY,-29  43  13, 153  18  08,-29  43  07, 153  18  12,SANDON,BARE POINT,9538,CANDOLE,CLARENCE,"A coastal beach approx. 9 km long extending north from a rocky point at the Illaroo camping area to the southernmost rocks at Clay Head, Sandon.         ",   ,Named after the locality of Sandon at the mouth of the Sandon River.   ,  
82635,Rennies Beach,BEACH,ASSIGNED,12th January 1990,"",Racecourse Beach,GNB3311,SHOALHAVEN,-35  22  10, 150  28  37,-35  22  04, 150  28  41,MILTON,ULLADULLA,8927,ULLADULLA,ST VINCENT,A beach about 0.75 km long on the coast of NSW about 1.25 km generally south south east of the Town of Ulladulla and 1.25 km west of Warden Head.         ,   ,    ,  
82636,Racecourse Beach,BEACH,ASSIGNED,12th January 1990,"","",GNB3311,SHOALHAVEN,-35  22  55, 150  27  37,-35  22  49, 150  27  41,TABOURIE,ULLADULLA,8927,ULLADULLA,ST VINCENT,A beach about 1.3 km long located about 1 km ENE of Burrill Lake and about 1 km NE of Burrill Beach.          ,   ,    ,  
82704,Surfside Beach,BEACH,ASSIGNED,29th September 2006,"","",GNB5148,EUROBODALLA,-35  42  16, 150  11  40,-35  42  10, 150  11  44,NELLIGEN,BATEMANS BAY,8926,EAST NELLIGEN,ST VINCENT,A beach about 800 metres long between Pinnacle Point and Hawks Nest Headland in the suburb of Surfside.          ,   ,Surfside Beach is named after the adjacent suburb of Surfside.    ,  
82945,Windang Beach,BEACH,ASSIGNED,10th August 2007,"",South Beach,"",WOLLONGONG,-34  32  30, 150  52  30,-34  32  24, 150  52  34,ALBION PARK,WOLLONGONG,9029,WOLLONGONG,CAMDEN,A beach adjacent to the suburb of Windang between Perkins Beach to the north and Windang Island to the south.          ,   ,Windang Beach is adjacent to the suburb of Windang.    ,  
82982,South Kingscliff Beach,BEACH,ASSIGNED,4th April 2008,"","",GNB5211,TWEED,-28  16  32, 153  34  47,-28  16  26, 153  34  51,CUDGEN,TWEED HEADS,9641,CUDGEN,ROUS,A coastal beach approx. 3.5 kms long extending from the south wall of Cudgen Creek south to the southern extent of the suburb of Kingscliff.          ,   ,The coastline of the suburb of Kingscliff is divided into two parts north and south of the mouth of Cudgen Creek.   ,  
82986,Norries Cove,BEACH,ASSIGNED,4th April 2008,"","",GNB5211,TWEED,-28  20  15, 153  34  28,-28  20  09, 153  34  32,CUDGEN,TWEED HEADS,9641,CUDGEN,ROUS,A coastal beach approx. 200 metres long extending from the rocks and bluff that separate it from the southern end of Cabarita Beach south to Norries Head in the suburb of Cabarita Beach.         ,   ,Named after Norries Head.    ,  
82987,Maggies Beach,BEACH,ADVERTISED,29th November 2007,"","",GNB5211,TWEED,-28  21  00, 153  34  24,-28  20  54, 153  34  28,CUDGEN,TWEED HEADS,9641,CUDGEN,ROUS,A coastal beach approx. 2.5 km long extending south from Norries Head to the mouth of Cudgera Creek.          ,   ,Named after Margaret Philomena Murnane (1863 - 1956) who was the first person to select land at Hastings Point in 1907. Maggie was an experienced mid-wife and assisted in many births in the district.  Later she conducted a small guest house. She became an expert fisherwoman.  Source:  Daily News 2 Nov 1999),  
82988,Pottsville Beach,BEACH,ASSIGNED,4th April 2008,"","",GNB5211,TWEED,-28  23  53, 153  33  56,-28  23  47, 153  34  00,POTTSVILLE,TWEED HEADS,9641,CUDGEN,ROUS,"A coastal beach approx. 2km long, extending south from Cudgera Beach at the southern suburb boundary of Hastings Point to Black Rocks near the southern suburb boundary of Pottsville.         ",   ,Named after the suburb of Pottsville.    ,  
82989,Wooyung Beach,BEACH,ASSIGNED,4th April 2008,"","",GNB5211,TWEED,-28  27  17, 153  33  11,-28  27  11, 153  33  15,POTTSVILLE,TWEED HEADS,9641,MOOBALL,ROUS,A coastal beach approx. 4.5 km long situated between Mooball Beach to the north and Crabbes Creek Beach to the south.  The southern extent is the Tweed Shire LGA boundary.         ,Grass.  (Richmond Tweed Regional Library 1984)  From: Gidabal and Yugambir dialects of Bundjalung.  (M Sharpe)  ,Named after the adjacent beachfront locality of Wooyung.    ,  
83010,Marys Beach,BEACH,ASSIGNED,7th March 2008,"","",GNB5192,PORT STEPHENS,-32  42  51, 152  03  47,-32  42  45, 152  03  51,PORT STEPHENS,PORT STEPHENS,9332,TOMAREE,GLOUCESTER,A beach approx. 200 metres long between Greenplay Point and Yachett Point in the suburb of Soldiers Point.          ,   ,"Named after Mary Cromarty.  The Cromarty family were the first Europeans to settle on Soldiers Point circa 1828.  Capt. William Cromarty arrived in Australia in 1824 with his wife and two children born in Scotland.  Mary was their first Australian born child 1825. Capt. Cromarty traded between Port Stephens and Sydney, then in","1833 was appointed as the Newcastle Pilot.  Following his death in a failed rescue mission off Fingal, Mary and her mother ran a business supplying provisions to locals and the crews of fishing vessels."
83062,Safety Beach,BEACH,ASSIGNED,4th April 2008,"","",GNB5097,COFFS HARBOUR,-30  05  53, 153  11  58,-30  05  47, 153  12  02,WOOLGOOLGA,COFFS HARBOUR,9537,WOOLGOOLGA,FITZROY,"A beach bordered in the south by Woolgoolga Beach, extending north to a point adjacent to the suburb of Safety Beach.          ",   ,The beach is adjacent to the suburb of Safety Beach.    ,  
83063,North Wall Beach,BEACH,ASSIGNED,4th April 2008,"","",GNB5097,COFFS HARBOUR,-30  18  03, 153  08  21,-30  17  57, 153  08  25,COFFS HARBOUR,COFFS HARBOUR,9537,COFF,FITZROY,A beach bordered in the south by the north wall of Coffs Harbour and in the north by Coffs Creek.          ,   ,Named after its proximity to Coffs Harbour    ,  
83065,Murrays Beach,BEACH,ASSIGNED,4th April 2008,"","",GNB5097,COFFS HARBOUR,-30  21  39, 153  06  21,-30  21  33, 153  06  25,COFFS HARBOUR,COFFS HARBOUR,9537,BONVILLE,RALEIGH,A beach bordered in the south by a rock outcrop adjacent to Wonga Park at 3rd Avenue Sawtell to Boambee Head in the north.          ,   ,"Commemorates the late Cecil McLeod Murray, who established the first mechanical workshop in Sawtell.   ",  
83066,Sawtell Beach,BEACH,ASSIGNED,4th April 2008,"","",GNB5097,COFFS HARBOUR,-30  22  02, 153  06  08,-30  21  56, 153  06  12,COFFS HARBOUR,COFFS HARBOUR,9537,BONVILLE,RALEIGH,"A beach bordered in the south by Bonville Headland, extending north to a rock outcrop adjacent to Wonga Park in the suburb of Sawtell.          ",   ,Named after its proximity to the suburb of Sawtell.    ,  
83430,Perrys Beach,BEACH,ASSIGNED,18th June 2010,"","",GNB5112,PITTWATER,-33  37  20, 151  18  00,-33  37  14, 151  18  04,BROKEN BAY,SYDNEY,9130,BROKEN BAY,CUMBERLAND,"A small beach located at Treharne Cove, 400 metres west of Longnose Point, Pittwater in the suburb of Ku-ring-gai Chase.          ",   ,    ,  
83467,Station Beach,BEACH,ASSIGNED,30th April 2010,"","",GNB5112,PITTWATER,-33  34  56, 151  19  30,-33  34  50, 151  19  34,BROKEN BAY,SYDNEY,9130,NARRABEEN,CUMBERLAND,A beach located to the north of Barrenjoey Beach and approx. 500m SW of Barrenjoey Trig. Station in the suburb of Palm Beach.          ,   ,    ,  
84300,Magenta Beach,BEACH,ASSIGNED,13th March 2015,"","",GNB5704,WYONG,-33  18  42, 151  31  49,-33  18  36, 151  31  53,TOUKLEY,LAKE MACQUARIE,9231,WALLARAH,NORTHUMBERLAND,A beach adjacent to and coincident with the suburb boundary of Magenta in the Wyong Local Government Area.          ,   ,Named after the adjacent suburb of Magenta.    ,  
84509,Suzies Saturday Swimminghole,BEACH,PROPOSED,"","","",GNB987654,TWEED,-  ,  ,-  ,  ,"","",,"","",           ,   ,    ,  
